frame,attack,ber,ncc,zncc,nlse,entropy
118,SALT_PEPPER,0.03439814814814815,0.9232068354281502,0.8740484265886378,0.17664655032324475,5.224845775484097
118,SPECKLE,0.2953549382716049,0.9888186403465645,0.9813866045634018,0.022513170881576325,5.226504319635509
118,GAUSSIAN_BLUR,0.28218364197530865,0.9975484516783523,0.9958864126088938,0.004951755073989545,5.30154987923355
118,MEDIAN_FILTER,0.16847222222222222,0.9987238733816813,0.9978430558347533,0.0025763654666632733,5.216958916131053
118,JPEG_40,0.6847299382716049,0.9987128789298627,0.9979037964900378,0.0025726578264547643,5.306205072266525
118,ROTATION,0.3072608024691358,0.9630071369326221,0.9373835842702023,0.07380312376851797,5.2620859492524295
134,SALT_PEPPER,0.03493827160493827,0.9283210899238824,0.8788297592975998,0.16378335516300166,5.2445889117950655
134,SPECKLE,0.2951311728395062,0.988810807764971,0.9807819872608996,0.022530355684991118,5.255552204353335
134,GAUSSIAN_BLUR,0.28790895061728394,0.997534781914706,0.9957296444981975,0.004978365707992396,5.324888185968358
134,MEDIAN_FILTER,0.1756712962962963,0.9987197945665471,0.9977656329296637,0.002588288775903692,5.239755710059892
134,JPEG_40,0.6860570987654321,0.9987141612127916,0.997827521694502,0.0025704330410281705,5.34318024332144
134,ROTATION,0.30843364197530865,0.9655140686362655,0.9397114601421117,0.068806484099962,5.2866560008137755
66,SALT_PEPPER,0.032700617283950614,0.9261687307426023,0.8795470002306903,0.16875949238761753,5.240743080757406
66,SPECKLE,0.2934953703703704,0.9888099619269886,0.9815218265461898,0.022571688301741364,5.251219178396365
66,GAUSSIAN_BLUR,0.29031635802469136,0.9970205339943112,0.9950405653462289,0.006021103925933672,5.327723333977373
66,MEDIAN_FILTER,0.18915895061728394,0.9984729856318693,0.9974390675139351,0.003095873238890547,5.234460280233909
66,JPEG_40,0.6855092592592592,0.9985011846484346,0.9975618299743039,0.0029956867382048015,5.341655196180875
66,ROTATION,0.3077237654320988,0.9582947428097547,0.9299337723644865,0.08317155641321904,5.285144872669744
38,SALT_PEPPER,0.03174382716049383,0.9257210908088511,0.8792916076601099,0.16999057841473342,5.226575850320149
38,SPECKLE,0.29429783950617283,0.98866349305223,0.9813303136588514,0.022805057701568043,5.2312226447343635
38,GAUSSIAN_BLUR,0.2862422839506173,0.997060185728134,0.9951230522850302,0.0059413360700813255,5.309977345168521
38,MEDIAN_FILTER,0.18145061728395062,0.9984990401785955,0.9974913227588508,0.003041269998999325,5.218540579893287
38,JPEG_40,0.6882716049382716,0.9984808104408051,0.9975397268994844,0.0030362254456101963,5.332147301277375
38,ROTATION,0.306195987654321,0.956985864014915,0.9279863587213983,0.08578097232348135,5.2681833266048965
129,SALT_PEPPER,0.033935185185185186,0.9270454609945009,0.8779778066392688,0.16674076433588972,5.233158537837645
129,SPECKLE,0.29555555555555557,0.9887619420047208,0.980905741719635,0.022626691389921724,5.242541136254184
129,GAUSSIAN_BLUR,0.27727623456790124,0.9976978789673798,0.9960554651436548,0.004650411133055442,5.313441468347793
129,MEDIAN_FILTER,0.1572145061728395,0.9987924016507608,0.997914985888815,0.002439565501597219,5.228626413180212
129,JPEG_40,0.6873996913580247,0.9987478226478718,0.9979109018332353,0.0025031093231462033,5.327317507080245
129,ROTATION,0.3074922839506173,0.9663750227344011,0.9418592359931879,0.067091570707397,5.272978675599831
81,SALT_PEPPER,0.03259259259259259,0.9256405764694843,0.8790358982775254,0.17002005956868238,5.23902102570187
81,SPECKLE,0.29400462962962964,0.988899202950412,0.9817081050508393,0.022349346825993384,5.247140889684167
81,GAUSSIAN_BLUR,0.2851466049382716,0.9970059190771174,0.9950300959007108,0.006050556311152495,5.3234320964468305
81,MEDIAN_FILTER,0.17793981481481483,0.9985048014726401,0.9974996158373414,0.0030319899292191354,5.234615148244265
81,JPEG_40,0.6901157407407408,0.9985136602755823,0.9975929485718771,0.002970476936490598,5.342048686150298
81,ROTATION,0.30829475308641974,0.9581337278471006,0.9298623228360848,0.0834905029248601,5.28224358925744
79,SALT_PEPPER,0.033171296296296296,0.9260637222766506,0.8796658876792406,0.16907385713508483,5.241805728606405
79,SPECKLE,0.2947222222222222,0.9888345744031894,0.9815860461679814,0.022451485166163496,5.248099593968596
79,GAUSSIAN_BLUR,0.28247685185185184,0.9969935215703388,0.9950085854381564,0.006076150655673409,5.32469701454016
79,MEDIAN_FILTER,0.1739814814814815,0.9984981807325825,0.9974878704915909,0.003045480705007285,5.235862568477522
79,JPEG_40,0.6881018518518518,0.9985191100735592,0.997601317487983,0.0029601351032884364,5.345712374688426
79,ROTATION,0.3082716049382716,0.9580785132222696,0.9297507621518465,0.0836014685565747,5.28419624333489
88,SALT_PEPPER,0.03341820987654321,0.9223698215522544,0.873311348493155,0.17964401934674912,5.226740763639137
88,SPECKLE,0.29411265432098765,0.9887322084684291,0.9813364246866082,0.022662597821875467,5.2314750779628945
88,GAUSSIAN_BLUR,0.28390432098765433,0.9972700991535869,0.9954392953893164,0.005509323575392452,5.305161563380073
88,MEDIAN_FILTER,0.1757793209876543,0.9985871154149907,0.9976237011715323,0.0028537331924117664,5.216937171836022
88,JPEG_40,0.6845987654320987,0.9985708308660418,0.9976798480794516,0.002856310465508708,5.32095549313905
88,ROTATION,0.3067206790123457,0.9609315376867702,0.9341988638416231,0.07793470491402676,5.265379019458304
64,SALT_PEPPER,0.03364969135802469,0.9257899257710156,0.8792382104181401,0.1701777772482932,5.241619424046966
64,SPECKLE,0.2933256172839506,0.9888686558668747,0.9816490085051666,0.02240378367871021,5.2469207461117024
64,GAUSSIAN_BLUR,0.28680555555555554,0.9969976311243205,0.9950145765836456,0.006067292736108624,5.325388447165705
64,MEDIAN_FILTER,0.1851466049382716,0.9984663334052403,0.9974342126109306,0.003109238900064313,5.233703394311017
64,JPEG_40,0.6859490740740741,0.9985056393390768,0.9975752047950625,0.002986868550900162,5.338012070162608
64,ROTATION,0.30875,0.957860355445788,0.9293773930682645,0.08403577799707468,5.282859055765135
135,SALT_PEPPER,0.03397376543209876,0.9296569685649411,0.8807833919737191,0.1602035546684848,5.250929844913653
135,SPECKLE,0.29486111111111113,0.9888538070233207,0.9808262419316381,0.02244921459206541,5.2611301527772
135,GAUSSIAN_BLUR,0.28803240740740743,0.997534909496781,0.9957233798350431,0.004978338547691055,5.329023706079926
135,MEDIAN_FILTER,0.17841820987654322,0.9987239404265066,0.9977692610060099,0.0025798970740562852,5.243163872481304
135,JPEG_40,0.6885185185185185,0.9987347163509595,0.9978629643768671,0.002529853588750464,5.3449666090164385
135,ROTATION,0.30949074074074073,0.9655085694782175,0.9396043805320722,0.06881749580205003,5.292249674765402
53,SALT_PEPPER,0.03307098765432099,0.9262049865663885,0.8803530213193186,0.1683325077927615,5.231174934875591
53,SPECKLE,0.2926388888888889,0.9887588979198172,0.9815288350725088,0.02258957158295599,5.237468313207657
53,GAUSSIAN_BLUR,0.279375,0.9970889536887115,0.9951859053366106,0.005885241665727216,5.318662722486613
53,MEDIAN_FILTER,0.1671604938271605,0.9985380460345552,0.9975639095204917,0.00296599947162387,5.227090118471244
53,JPEG_40,0.6891126543209877,0.998560359667676,0.9976779128151413,0.0028777279566876064,5.334739880106417
53,ROTATION,0.3058179012345679,0.9573805512817211,0.9288597929344877,0.08499546757952478,5.275395470473961
80,SALT_PEPPER,0.032962962962962965,0.9309339331858094,0.8874478018333979,0.1570045415063185,5.244923740982215
80,SPECKLE,0.295625,0.9887959444575356,0.9815329833817875,0.022550546910210606,5.249721271355036
80,GAUSSIAN_BLUR,0.28358796296296296,0.996994721179403,0.9950108622588941,0.0060737744690328695,5.325021822887141
80,MEDIAN_FILTER,0.17484567901234568,0.998498895660717,0.9974891761103946,0.003043978082486426,5.236637599940291
80,JPEG_40,0.688966049382716,0.9985218192099033,0.9976072586119826,0.002954530199822337,5.3452236184778155
80,ROTATION,0.30834876543209877,0.9580934366066779,0.9297805261961861,0.08357126118065478,5.2841131596484345
125,SALT_PEPPER,0.034297839506172836,0.9275084981582019,0.878574328541122,0.1658847956449425,5.245051488903086
125,SPECKLE,0.2958950617283951,0.9888518130536342,0.9810386452252757,0.022454449254042275,5.254518646229149
125,GAUSSIAN_BLUR,0.27348765432098765,0.9977388658039718,0.9961210175809967,0.004567854890634478,5.322683973762781
125,MEDIAN_FILTER,0.14422067901234567,0.9988247909794333,0.99796831452833,0.0023742984354476362,5.24114697040812
125,JPEG_40,0.6881635802469136,0.9988666603313142,0.9981163534040983,0.002265612347937456,5.331312231226891
125,ROTATION,0.3083564814814815,0.9662720809098218,0.9416086419732055,0.06730086942872207,5.284007975739234
119,SALT_PEPPER,0.03371141975308642,0.928022837287513,0.8813270774358252,0.1635990001733381,5.224539298628946
119,SPECKLE,0.2957175925925926,0.9888680409291792,0.9813950348029115,0.02242770952458179,5.22949152235277
119,GAUSSIAN_BLUR,0.28522376543209876,0.9976185212993108,0.9959865043701082,0.004808317849214898,5.303249858185696
119,MEDIAN_FILTER,0.17328703703703704,0.9987348555950014,0.9978526398102178,0.0025532968793984265,5.2186030126857705
119,JPEG_40,0.6852546296296296,0.9986836531766632,0.997842934402896,0.0026309723674271175,5.311001357898838
119,ROTATION,0.3057638888888889,0.9649768242969368,0.9404726991990798,0.06987870403048654,5.263492240122316
111,SALT_PEPPER,0.03333333333333333,0.922012851561955,0.8767312346180056,0.1802129220955321,5.182478780312143
111,SPECKLE,0.2923611111111111,0.9888310703119741,0.9820871305181007,0.0225052958396325,5.184071059185186
111,GAUSSIAN_BLUR,0.2769135802469136,0.9971334628951791,0.9953692372989914,0.005798926453941086,5.2622684741346095
111,MEDIAN_FILTER,0.16787037037037036,0.998511277207941,0.9975767263613995,0.003015507817098615,5.176536928452031
111,JPEG_40,0.686003086419753,0.9985269278863308,0.9976929607939788,0.0029439909514175893,5.262225403352053
111,ROTATION,0.30199845679012344,0.9573809418429235,0.930511633559721,0.08499668152666004,5.2227871507147725
13,SALT_PEPPER,0.0341358024691358,0.9232481858962671,0.8758696377912749,0.176380909090321,5.231502020932532
13,SPECKLE,0.29487654320987655,0.9888379023409004,0.9816985675773605,0.02247068987956913,5.239977918766636
13,GAUSSIAN_BLUR,0.28824074074074074,0.9968362523937572,0.9947759734226203,0.006394586110006315,5.3256752695783165
13,MEDIAN_FILTER,0.1844598765432099,0.9983983178988204,0.9973353378469942,0.0032515097133908348,5.222129711127961
13,JPEG_40,0.6925154320987654,0.998391411948864,0.9973996021757462,0.003214720904595429,5.326945013725085
13,ROTATION,0.30314814814814817,0.9553143938194637,0.9255181416447534,0.08909757800705267,5.27742966525289
115,SALT_PEPPER,0.03426697530864198,0.9220626042085709,0.8737294040904128,0.18036407967247386,5.21404037204248
115,SPECKLE,0.2956944444444444,0.9888432812308287,0.9816457826744511,0.022489020713300622,5.218110925310312
115,GAUSSIAN_BLUR,0.2776003086419753,0.9975336172986,0.9959097195091872,0.00498390500856523,5.293398622771087
115,MEDIAN_FILTER,0.1649537037037037,0.9987111065348102,0.9978467420347512,0.0026031699331992035,5.209281160920794
115,JPEG_40,0.6873996913580247,0.9987187558126889,0.9979438286955866,0.002561333758491907,5.295436940170485
115,ROTATION,0.30868055555555557,0.9619515972259797,0.9363450572454091,0.07590691036283263,5.253661416714546
93,SALT_PEPPER,0.033387345679012345,0.9205465639141872,0.8694644005552138,0.18413370914168875,5.1786644868882625
93,SPECKLE,0.2949074074074074,0.9887730835436638,0.9811990258086856,0.02259683935020075,5.1926805464391395
93,GAUSSIAN_BLUR,0.27751543209876545,0.9973446111569196,0.9955107890149025,0.005356893390005171,5.259874354450576
93,MEDIAN_FILTER,0.16087962962962962,0.9985964721858248,0.9976114942534625,0.002831775496577867,5.172498234763598
93,JPEG_40,0.6880246913580247,0.9986260642343426,0.9977553415180299,0.002746546684884944,5.272945879898437
93,ROTATION,0.3084876543209877,0.9617811251446856,0.9348708515378376,0.0762449292042221,5.221470233022188
30,SALT_PEPPER,0.033587962962962965,0.9248301375484359,0.8779244924030098,0.17188280385876378,5.222958158859744
30,SPECKLE,0.29399691358024693,0.9888268473352456,0.9816164536830592,0.022516773500248836,5.22857515965168
30,GAUSSIAN_BLUR,0.279375,0.9970239079158602,0.9950652039583788,0.006013290124509109,5.306426638085167
30,MEDIAN_FILTER,0.17075617283950617,0.998481264474001,0.997463273336684,0.0030810824917964913,5.214600641875284
30,JPEG_40,0.6873611111111111,0.9984727178556657,0.9975328513909238,0.0030523838555473067,5.328530983712325
30,ROTATION,0.3075848765432099,0.9569302909856358,0.9279357881089028,0.08589194004475385,5.263218789017172
36,SALT_PEPPER,0.033325617283950615,0.9219171092045978,0.8732094346286216,0.18046505853888134,5.226001999141576
36,SPECKLE,0.2943827160493827,0.9888115379030943,0.9815678001441741,0.022528095978267302,5.232091872712774
36,GAUSSIAN_BLUR,0.285,0.9970792975201576,0.9951508315626751,0.005902364324743551,5.309953265865837
36,MEDIAN_FILTER,0.17737654320987653,0.9985127897957818,0.9975122937104404,0.0030134874838057143,5.2181687136941735
36,JPEG_40,0.6878858024691358,0.9985045706620947,0.9975765565356098,0.0029887308012692265,5.331246219488552
36,ROTATION,0.30800925925925926,0.9568842906323894,0.927757294940474,0.08598583855863025,5.267801985312489
33,SALT_PEPPER,0.03395833333333333,0.9222354176816473,0.8735898200262429,0.17942242577488504,5.2217611210312835
33,SPECKLE,0.2940817901234568,0.988958031287406,0.9817778859032394,0.022240032854262345,5.229303288846597
33,GAUSSIAN_BLUR,0.28175154320987655,0.9971123941730814,0.9951989081157558,0.005834610048205765,5.305587484475992
33,MEDIAN_FILTER,0.1745293209876543,0.9985327341477599,0.9975422357157263,0.0029729889611351127,5.2143272158556035
33,JPEG_40,0.6899305555555556,0.9985188151882296,0.9976030409138927,0.002960243605090083,5.32838195747405
33,ROTATION,0.30655864197530863,0.9570837980569685,0.9279945323119968,0.08559224986352629,5.263339003858834
11,SALT_PEPPER,0.033603395061728394,0.9251769213937611,0.8789323058756012,0.1708652679306,5.2285960821387
11,SPECKLE,0.29670524691358025,0.9888543143880574,0.9817350329210701,0.02245586561830443,5.242363470426464
11,GAUSSIAN_BLUR,0.28902006172839506,0.9968455849669692,0.9947907365951845,0.006375867875872416,5.325895293128696
11,MEDIAN_FILTER,0.18439814814814814,0.9984057997782374,0.9973474361761194,0.003236506916728417,5.221712719093915
11,JPEG_40,0.6920138888888889,0.9983945439173666,0.9974033409295632,0.0032085275838388654,5.328116981332432
11,ROTATION,0.302091049382716,0.9554115459081612,0.925671434901074,0.0889060436283985,5.2771886049556604
89,SALT_PEPPER,0.033325617283950615,0.9245906897338657,0.8763422118539165,0.17267837099518654,5.211315436609964
89,SPECKLE,0.2935185185185185,0.9889211033241777,0.9815584193921207,0.022336007119322217,5.223246412899888
89,GAUSSIAN_BLUR,0.28665123456790126,0.9973135936993365,0.9954887935720476,0.005420164021207091,5.295011232709392
89,MEDIAN_FILTER,0.17488425925925927,0.9986069145529598,0.9976450940283593,0.00281273715356393,5.206307508176028
89,JPEG_40,0.6882175925925926,0.9985887968445057,0.9977025271137338,0.002820414821139095,5.312749823461559
89,ROTATION,0.3069521604938272,0.961363319703274,0.9345967779244602,0.07707728537487216,5.2542585493828975
103,SALT_PEPPER,0.03452932098765432,0.9151920623589404,0.8656507634996771,0.19862507096007742,5.178429015065246
103,SPECKLE,0.2948533950617284,0.9888324270550095,0.9819928006017439,0.022495991632488447,5.182477062564143
103,GAUSSIAN_BLUR,0.26895833333333335,0.9971532688387592,0.9953760927575002,0.005758343901126125,5.254240248166885
103,MEDIAN_FILTER,0.14963734567901235,0.9985219885135992,0.9975809326773241,0.0029926278261757037,5.171464083306885
103,JPEG_40,0.6881172839506173,0.9985660538635028,0.9977508935443581,0.002865886185527546,5.256180014991699
103,ROTATION,0.3040277777777778,0.9580812976862938,0.9312777042756916,0.08359976784951638,5.2172555298808705
98,SALT_PEPPER,0.0341358024691358,0.9146376500981305,0.861437230660501,0.19915672195167117,5.168744205862509
98,SPECKLE,0.29425154320987656,0.9887737658162538,0.9814164187055474,0.022574294338099255,5.1784143840171755
98,GAUSSIAN_BLUR,0.2754706790123457,0.9974219392898903,0.9956941953246972,0.005203450322563659,5.249677086530731
98,MEDIAN_FILTER,0.16200617283950616,0.9986179250005529,0.9976760087197173,0.00278648991102813,5.162601182978177
98,JPEG_40,0.6870138888888889,0.9985972741382853,0.9977363381396867,0.0028043214009071675,5.26541628380348
98,ROTATION,0.30478395061728397,0.9627082597609353,0.9372136926923188,0.07439738429160019,5.210145562416985
65,SALT_PEPPER,0.033603395061728394,0.9251164747992497,0.8778461763599846,0.17139735677696358,5.24374708996383
65,SPECKLE,0.2956712962962963,0.9888445949286152,0.9815722450964236,0.02244748197378525,5.249018373310985
65,GAUSSIAN_BLUR,0.2897608024691358,0.9970319331994579,0.9950615527551191,0.005997802939411726,5.327574394184843
65,MEDIAN_FILTER,0.1877391975308642,0.9984817693198043,0.9974548635916313,0.0030775365257804917,5.233961606836472
65,JPEG_40,0.6858950617283951,0.9985040638191172,0.9975682441423295,0.00298998829131564,5.342248429904119
65,ROTATION,0.30712962962962964,0.9581855999539447,0.9297820131125999,0.08339094814036353,5.285081091056771
137,SALT_PEPPER,0.03375771604938271,0.9309892309474461,0.8829660571348101,0.15675301434139277,5.259121564686294
137,SPECKLE,0.2947067901234568,0.9888653480303735,0.980853681540548,0.022440046417344702,5.267925321770877
137,GAUSSIAN_BLUR,0.288641975308642,0.9974610724402299,0.995598312172382,0.005129078260995577,5.335843402342405
137,MEDIAN_FILTER,0.18042438271604938,0.9986909215229078,0.9977125776191539,0.0026476489035745705,5.250087659435943
137,JPEG_40,0.6897916666666667,0.9987282337420654,0.9978519853999617,0.002541943022725746,5.350137043161211
137,ROTATION,0.3088425925925926,0.9646663535831291,0.9381534979897982,0.07049058755538404,5.298192405766887
110,SALT_PEPPER,0.03353395061728395,0.9175248336091724,0.8697604799428313,0.19182124494695377,5.1840534991801075
110,SPECKLE,0.29425154320987656,0.9888807160756884,0.9821616825628569,0.02238521703457932,5.1850979603525085
110,GAUSSIAN_BLUR,0.2773533950617284,0.9971386453302442,0.9953768455550854,0.005788569531079459,5.263025810790407
110,MEDIAN_FILTER,0.16772376543209877,0.998513734390545,0.9975803331163724,0.0030112999494169217,5.17838879580059
110,JPEG_40,0.6852777777777778,0.9985288076276472,0.997694427151025,0.002940250399851397,5.262572661728622
110,ROTATION,0.3019753086419753,0.9574086955609654,0.9305451772594603,0.08494053006962099,5.224073863789028
34,SALT_PEPPER,0.033665123456790125,0.9249451353892755,0.8779977651245638,0.17178922477257058,5.220730971637565
34,SPECKLE,0.2920138888888889,0.9888506575706307,0.9816321995173989,0.022503542892942763,5.231176977187559
34,GAUSSIAN_BLUR,0.2834259259259259,0.997087446094571,0.9951627644411816,0.005885374681058365,5.306741448456771
34,MEDIAN_FILTER,0.1765895061728395,0.9985165154064974,0.9975177524855103,0.003004820335258208,5.215289587361864
34,JPEG_40,0.6890432098765432,0.9985045320475816,0.9975769315855948,0.002988775370494994,5.328818385170199
34,ROTATION,0.3053472222222222,0.9568785951294649,0.9277278260084044,0.08599859149875858,5.264310461868259
148,SALT_PEPPER,0.03425925925925926,0.9327735433608106,0.8846362131293546,0.15195960218782092,5.29238847813817
148,SPECKLE,0.29770061728395064,0.988705645301759,0.9803830931350296,0.022775880584458067,5.303881014095904
148,GAUSSIAN_BLUR,0.2945216049382716,0.9975640850484948,0.9957310617425775,0.0049174378651732735,5.3681825195386494
148,MEDIAN_FILTER,0.18785493827160493,0.9987670795484322,0.9978228174294068,0.002489712093400563,5.279895500539351
148,JPEG_40,0.6835725308641976,0.998774560808355,0.9979039640519684,0.0024494427463418542,5.382615488164774
148,ROTATION,0.310570987654321,0.9665741251446942,0.9408793196668308,0.06669264379977757,5.333063651955871
54,SALT_PEPPER,0.03302469135802469,0.9272737958055286,0.8820779950797452,0.1657271576196508,5.230213456580247
54,SPECKLE,0.29545524691358027,0.9888583192417736,0.9816968256743488,0.02241741135650436,5.2388418810854205
54,GAUSSIAN_BLUR,0.28108024691358025,0.997083208563122,0.9951766267066267,0.005896771557079992,5.3183209439446015
54,MEDIAN_FILTER,0.16878086419753086,0.9985338181285128,0.9975570449218861,0.002974178699678515,5.225937973084015
54,JPEG_40,0.68875,0.998548364378679,0.9976581745457288,0.002901879530395688,5.333984689816265
54,ROTATION,0.30488425925925927,0.9573958130227681,0.9288900895124469,0.08496551311952005,5.274859295708984
139,SALT_PEPPER,0.03392746913580247,0.9291566504427146,0.8798920607068352,0.1613533513014774,5.263025336932307
139,SPECKLE,0.2946913580246914,0.9888517028923419,0.9808140169189701,0.022443900379773465,5.272413114513803
139,GAUSSIAN_BLUR,0.2911574074074074,0.9974421443839734,0.9955636387601975,0.005166418036477249,5.341264883280242
139,MEDIAN_FILTER,0.18368055555555557,0.9986771223135498,0.9976876464931546,0.002676420456625376,5.253947470913203
139,JPEG_40,0.6878163580246913,0.9987181556476405,0.9978326083312193,0.0025624909926258354,5.35733343366321
139,ROTATION,0.3072067901234568,0.9647155817220695,0.9382187207574246,0.07039366829199938,5.303676977555575
85,SALT_PEPPER,0.03423611111111111,0.9216225884493512,0.8722711952360797,0.18078614105986032,5.226507633720019
85,SPECKLE,0.29550154320987654,0.9887548219815109,0.9814159431456615,0.02266769691536747,5.233150435736427
85,GAUSSIAN_BLUR,0.28435956790123457,0.9971986291324196,0.9953284796737536,0.005654432827297773,5.306492151541303
85,MEDIAN_FILTER,0.17683641975308642,0.9985518712961599,0.9975687001504949,0.002926679506002361,5.218013941419846
85,JPEG_40,0.6853858024691358,0.9985569463988656,0.9976608449326118,0.002884088577334836,5.323376600200525
85,ROTATION,0.30736882716049385,0.960496065199931,0.9335762819696124,0.07879837029906347,5.266326325530614
51,SALT_PEPPER,0.03369598765432099,0.9242976859059804,0.8772794267605029,0.17343214913634405,5.229114372465481
51,SPECKLE,0.2931944444444444,0.9887731082450159,0.9815552204709749,0.022602099962594494,5.236420478614276
51,GAUSSIAN_BLUR,0.2765354938271605,0.9971403839193754,0.9952673288677402,0.005780676032625607,5.316263339757042
51,MEDIAN_FILTER,0.16104938271604938,0.9985718275602076,0.9976185424610756,0.00289599643088828,5.2243727888752725
51,JPEG_40,0.6869830246913581,0.9985949532475789,0.9977356904346554,0.002808524548022813,5.332539623312215
51,ROTATION,0.30616512345679014,0.9575128027946368,0.929035744400917,0.08473365394273978,5.272401769809344
62,SALT_PEPPER,0.034012345679012346,0.9259338947618895,0.8795891366313042,0.16939441095131696,5.237370231879238
62,SPECKLE,0.2919907407407407,0.9887902328219851,0.9815360293398254,0.022569299800911893,5.246384383297296
62,GAUSSIAN_BLUR,0.28670524691358024,0.9970257204621558,0.9950649556716015,0.006010937045195732,5.324674867789345
62,MEDIAN_FILTER,0.18300925925925926,0.9984876918815352,0.9974717772349326,0.003065983925706102,5.232448721844401
62,JPEG_40,0.6868364197530864,0.9985147899176736,0.99759321241736,0.0029683715264207707,5.338847481608292
62,ROTATION,0.30579475308641973,0.9579107746599115,0.9295149683992459,0.08393622409899647,5.281849165815835
106,SALT_PEPPER,0.0337037037037037,0.9107022397950131,0.8592029805624112,0.2106126665373206,5.179533094740498
106,SPECKLE,0.29477623456790125,0.9889168991881354,0.9822030787242043,0.02230763653173618,5.182597645370254
106,GAUSSIAN_BLUR,0.270841049382716,0.9971761251882773,0.9954328369886954,0.005710791077559629,5.257077457730881
106,MEDIAN_FILTER,0.15642746913580247,0.9985331723186188,0.9976101322822777,0.002971234639465258,5.17266349625367
106,JPEG_40,0.6853780864197531,0.9985487835641635,0.9977325914000489,0.0029009178138730135,5.258344112043782
106,ROTATION,0.30266975308641975,0.9581806703959571,0.9317557222678343,0.08340643069158339,5.218077524172555
10,SALT_PEPPER,0.03215277777777778,0.9257029718762331,0.8797822339432089,0.17043498890466607,5.228130410489815
10,SPECKLE,0.2928317901234568,0.9888107107449742,0.9816489059969208,0.022548391771271194,5.24222133376479
10,GAUSSIAN_BLUR,0.2848070987654321,0.9968401089818216,0.994778428357025,0.006386469303964131,5.326542457344112
10,MEDIAN_FILTER,0.1804398148148148,0.9983956733314349,0.9973290931735248,0.003255407360926285,5.222403050912304
10,JPEG_40,0.6931481481481482,0.9984040344186338,0.9974175595227706,0.003189492424152192,5.327595734415265
10,ROTATION,0.3027469135802469,0.9554726212272665,0.9257321238097677,0.08878406178038005,5.277333352886526
121,SALT_PEPPER,0.0341820987654321,0.9225163185283842,0.8711738553137014,0.17891366394571206,5.228076922369328
121,SPECKLE,0.2961496913580247,0.9888871512459555,0.9812212613461465,0.02236807938408547,5.234688981919744
121,GAUSSIAN_BLUR,0.2841358024691358,0.9978279237117722,0.996296831472822,0.004383067044824899,5.308037187374054
121,MEDIAN_FILTER,0.1654320987654321,0.9988140233637139,0.9979639664401667,0.002390111905451471,5.221288782614013
121,JPEG_40,0.6886574074074074,0.9987937504236923,0.9980071831894646,0.0024115071817954565,5.322165213129204
121,ROTATION,0.30745370370370373,0.968103900193929,0.945175870123436,0.06365228463927496,5.265993873861563
87,SALT_PEPPER,0.03337962962962963,0.9238445309355582,0.8757158935559783,0.17476825133152465,5.222471778092807
87,SPECKLE,0.2946682098765432,0.9887975028880813,0.9814558008674775,0.02255527933206717,5.230858233580332
87,GAUSSIAN_BLUR,0.28412808641975307,0.9972555853862408,0.9954174807868119,0.005538410810843426,5.304789969608713
87,MEDIAN_FILTER,0.17640432098765432,0.9985772805487099,0.9976084265550552,0.0028739835516783797,5.216826008829928
87,JPEG_40,0.6869135802469136,0.9985717828418468,0.9976825740855033,0.002854410482023265,5.3192937237855045
87,ROTATION,0.30657407407407405,0.9607625109369375,0.9339483514760845,0.07827115374974677,5.264409122476292
120,SALT_PEPPER,0.033811728395061726,0.9238613469445239,0.8746280436846859,0.17430985961596185,5.223256688390453
120,SPECKLE,0.2930787037037037,0.9888234475088148,0.9813179883913195,0.022511651231561687,5.230976691067264
120,GAUSSIAN_BLUR,0.28554783950617285,0.9976085395685326,0.9959679796747999,0.004828096296993988,5.303692250979449
120,MEDIAN_FILTER,0.17443672839506172,0.9987240664550692,0.9978334185133214,0.0025744682457374962,5.219631342953168
120,JPEG_40,0.686929012345679,0.9986706497001612,0.9978226302915213,0.0026569985861861,5.310202334880209
120,ROTATION,0.306766975308642,0.9648800251475556,0.9402832670748663,0.07007256442719485,5.264675848017402
147,SALT_PEPPER,0.034020061728395064,0.9369334189682522,0.891762353314072,0.14193864526914662,5.290005954905172
147,SPECKLE,0.29616512345679014,0.9888335634643945,0.980596526074721,0.022488019322126664,5.303238489128931
147,GAUSSIAN_BLUR,0.29366512345679013,0.9975699129111213,0.9957419628012402,0.004905675022377372,5.368907905564668
147,MEDIAN_FILTER,0.18700617283950619,0.9987700355956086,0.9978283663135978,0.0024834136260155552,5.28131578305017
147,JPEG_40,0.6840895061728395,0.9987776935272483,0.9979093633908874,0.0024433045374119794,5.382822296006214
147,ROTATION,0.30910493827160496,0.9666181307118397,0.9409667977364472,0.06660554797379697,5.333531006904987
42,SALT_PEPPER,0.03257716049382716,0.9250996034786987,0.8784603529320894,0.17210996167369869,5.224608034785846
42,SPECKLE,0.29390432098765434,0.9888988117992092,0.9817301182456346,0.022328107097703335,5.230348525114375
42,GAUSSIAN_BLUR,0.2864969135802469,0.9970435256084844,0.9950992989157579,0.00597455259791869,5.309295352442537
42,MEDIAN_FILTER,0.18472993827160494,0.998486347886544,0.9974722198185838,0.0030669848768180063,5.217879546842883
42,JPEG_40,0.6872222222222222,0.9984671257201089,0.9975203422232476,0.0030643660937976556,5.333087321352805
42,ROTATION,0.3069675925925926,0.9567505562367179,0.9276501377752524,0.08624951708309021,5.2668954559667895
63,SALT_PEPPER,0.03321759259259259,0.9311490586461117,0.8878009083317178,0.15623498070331668,5.238152174051043
63,SPECKLE,0.2937037037037037,0.9888630974702421,0.9816391879078035,0.022433711423942553,5.2440587812885235
63,GAUSSIAN_BLUR,0.28792438271604937,0.9970125028539076,0.9950396071550899,0.006037118018764296,5.323070596773004
63,MEDIAN_FILTER,0.18449074074074073,0.998473180888593,0.9974458371136383,0.0030955951507674216,5.230459589921133
63,JPEG_40,0.686466049382716,0.9985157451008327,0.9975951512296989,0.00296703219287302,5.3393890541179045
63,ROTATION,0.3077006172839506,0.9579430931714883,0.9295208792825059,0.08387270104430126,5.281151758025925
9,SALT_PEPPER,0.0332716049382716,0.9236988533100958,0.876515130108482,0.17552895066187812,5.235128233366112
9,SPECKLE,0.29356481481481483,0.9889443956566961,0.9818729981681281,0.022281972022371265,5.245396483044569
9,GAUSSIAN_BLUR,0.2854320987654321,0.9968750360564063,0.9948367442677192,0.006316191507810756,5.329255789655063
9,MEDIAN_FILTER,0.18027006172839505,0.9984152028796459,0.9973617746244812,0.0032149460902062667,5.226105262674476
9,JPEG_40,0.6914506172839506,0.9984291793849577,0.9974580847871041,0.0031391860676700458,5.3263567537050065
9,ROTATION,0.30321759259259257,0.9556820390530463,0.9260897369657787,0.08836988137508067,5.280573007625414
25,SALT_PEPPER,0.034089506172839505,0.9235951422368013,0.8760184074998575,0.1756304804953369,5.231608257416636
25,SPECKLE,0.29554783950617286,0.9888812345457101,0.9817050661166777,0.02239881046467449,5.239129595450502
25,GAUSSIAN_BLUR,0.27859567901234567,0.9969556707682716,0.9949547061126689,0.006153913039476324,5.316290040663095
25,MEDIAN_FILTER,0.16450617283950617,0.9984689000574978,0.9974433942940667,0.003109554942152614,5.225643235967199
25,JPEG_40,0.6863425925925926,0.9985213715372998,0.9976116487538232,0.00295570819806382,5.333726656381828
25,ROTATION,0.30766975308641975,0.9563550715119609,0.9269886845091639,0.08703084289292265,5.273563881966038
7,SALT_PEPPER,0.03351851851851852,0.924245315881897,0.8773028716846456,0.17343886023888275,5.2342982641164415
7,SPECKLE,0.2939351851851852,0.9887941201878536,0.9816146878375648,0.022523664690873687,5.246078331777525
7,GAUSSIAN_BLUR,0.2833179012345679,0.9968974839212814,0.9948736856856414,0.006270852557554747,5.332710060559987
7,MEDIAN_FILTER,0.17777777777777778,0.9984274289810616,0.9973819180750051,0.0031906385401366663,5.228050372097943
7,JPEG_40,0.6908564814814815,0.998447941045864,0.997487415877868,0.003101791155965852,5.326880158696012
7,ROTATION,0.3009953703703704,0.9558541328324519,0.9263726401867839,0.08802769204095333,5.282756552816407
144,SALT_PEPPER,0.033726851851851855,0.9331016324635378,0.8861273410453437,0.1516272165449524,5.273425628185451
144,SPECKLE,0.2968287037037037,0.9888780742210509,0.9808150385190051,0.022406462163500913,5.283377936467298
144,GAUSSIAN_BLUR,0.2950925925925926,0.9974785746303898,0.9956154266338357,0.005092243265701023,5.351807158855864
144,MEDIAN_FILTER,0.19103395061728395,0.9986993665233534,0.9977207089962269,0.002629769841738241,5.2639879893865595
144,JPEG_40,0.684212962962963,0.9987014187765237,0.9977953102233309,0.0025954839554956396,5.364657833861808
144,ROTATION,0.30877314814814816,0.9652117053517701,0.9389308959716595,0.06940483165426971,5.31579053234125
71,SALT_PEPPER,0.03306327160493827,0.9287504267967056,0.8835684007953067,0.161359012457134,5.240529731544989
71,SPECKLE,0.29476080246913583,0.9888472256558899,0.9815680918786512,0.02247184530165768,5.2522911149323255
71,GAUSSIAN_BLUR,0.29012345679012347,0.9969963231446101,0.9949981213069485,0.00607034738121574,5.3284997967142225
71,MEDIAN_FILTER,0.19148919753086419,0.998457461331323,0.9974119113663825,0.0031258021200410804,5.23559228950441
71,JPEG_40,0.6889120370370371,0.9984810929871573,0.997528370115596,0.0030355321633600326,5.345837836626443
71,ROTATION,0.3083179012345679,0.9581683589166469,0.9296895470511229,0.08341919027317904,5.285693935088057
146,SALT_PEPPER,0.03459876543209876,0.9329634230011146,0.8853457089771707,0.1512872457034864,5.278612403069002
146,SPECKLE,0.29618827160493827,0.9888680645341217,0.980714136440782,0.022415203558682817,5.293357851600698
146,GAUSSIAN_BLUR,0.2916820987654321,0.997555955774195,0.9957294136159585,0.004934602736320673,5.3605775530186435
146,MEDIAN_FILTER,0.18603395061728395,0.9987518614910182,0.9978022041430656,0.0025198619465802035,5.273291345726927
146,JPEG_40,0.6841898148148148,0.9987549377610527,0.9978769320554879,0.0024888083095016937,5.375279845530484
146,ROTATION,0.30866512345679015,0.9662349798865718,0.9404500764020735,0.06736835807174815,5.3250283179918405
91,SALT_PEPPER,0.03440586419753086,0.921263961176969,0.8707521929476512,0.1816764876697973,5.204631008728506
91,SPECKLE,0.29398148148148145,0.9888169384257451,0.9813423234226679,0.022501902673826908,5.212785464790674
91,GAUSSIAN_BLUR,0.28132716049382717,0.9973064828671319,0.9954664939588105,0.005435426144524824,5.2818498635301365
91,MEDIAN_FILTER,0.1686033950617284,0.9986010990904235,0.9976295207860846,0.0028235906861553283,5.1934707079036
91,JPEG_40,0.6893132716049383,0.9986245966081378,0.9977604309622088,0.002749198891515115,5.295982327820216
91,ROTATION,0.3050077160493827,0.9606649624001508,0.933252897022068,0.07846641484843316,5.2425896443019875
45,SALT_PEPPER,0.03160493827160494,0.9267166806690507,0.8810493249415371,0.16744492997299323,5.225147936088422
45,SPECKLE,0.2942746913580247,0.9888027432697205,0.9815793550741176,0.022539946012769305,5.231166675729032
45,GAUSSIAN_BLUR,0.28945987654320987,0.9970784640736307,0.9951570010904669,0.0059031958613261085,5.309434815381557
45,MEDIAN_FILTER,0.18838734567901236,0.998501136896433,0.9974971342968938,0.0030362252258790703,5.2184425941297885
45,JPEG_40,0.6864351851851852,0.9984604020454404,0.9975093003940071,0.003077375951176085,5.327952657619729
45,ROTATION,0.3085570987654321,0.9573218311465198,0.9286155445315045,0.08511285624959126,5.266894924260959
105,SALT_PEPPER,0.0329320987654321,0.9152591164432499,0.8662931785026139,0.1986187927033263,5.1792217144848145
105,SPECKLE,0.2946141975308642,0.9887836695434221,0.9819928397312825,0.022589837903458924,5.182279952434133
105,GAUSSIAN_BLUR,0.27208333333333334,0.9971810458178519,0.9954407648749362,0.005700666278501221,5.256881013093357
105,MEDIAN_FILTER,0.15496141975308642,0.9985386707632926,0.9976190615819368,0.002959534503224543,5.173083496713888
105,JPEG_40,0.6864043209876544,0.9985518904380952,0.9977397137756462,0.0028943192856722,5.256742528923479
105,ROTATION,0.30309413580246913,0.9582569879330314,0.9318799919281061,0.08325494720500176,5.218316945206572
127,SALT_PEPPER,0.03417438271604938,0.9235758201868868,0.87233309105554,0.17645631437940684,5.238542082166269
127,SPECKLE,0.2958179012345679,0.9888127606902231,0.9809841049257926,0.022497466187711108,5.245478155658531
127,GAUSSIAN_BLUR,0.27662808641975306,0.9976966428234453,0.9960542434649244,0.004653189651996596,5.316171658398877
127,MEDIAN_FILTER,0.14845679012345678,0.9987945019922218,0.9979189618566907,0.0024358039903450562,5.233193459247241
127,JPEG_40,0.6884953703703703,0.9988149669825792,0.9980344712311161,0.0023686871832169823,5.328841392486165
127,ROTATION,0.3049151234567901,0.9659528002368477,0.9411372423000463,0.06793463843326404,5.2761624223294845
21,SALT_PEPPER,0.034020061728395064,0.9235934836707055,0.8762751468676033,0.17599629966871613,5.228101291168857
21,SPECKLE,0.2949382716049383,0.9889385411220664,0.9818264928705572,0.022289802881310602,5.242058706385618
21,GAUSSIAN_BLUR,0.29074845679012346,0.9968190520441785,0.9947355671600279,0.0064284236327928415,5.324369061078577
21,MEDIAN_FILTER,0.19094907407407408,0.9983661044871981,0.9972757911556652,0.0033166321782656903,5.220505885659636
21,JPEG_40,0.6883256172839506,0.9983669429578454,0.9973533931545022,0.0032635053049122117,5.330927727643452
21,ROTATION,0.30388117283950616,0.9555660521320678,0.9257760770805084,0.08859975069987722,5.27732840070436
145,SALT_PEPPER,0.03368827160493827,0.9319292143889848,0.8837090771480234,0.15440201835253586,5.2771660836889644
145,SPECKLE,0.29718364197530867,0.9888053784141556,0.9806146066562955,0.022536556253106264,5.288077704699629
145,GAUSSIAN_BLUR,0.29138888888888886,0.9975386473748785,0.9957011189830027,0.004969585686359065,5.35499390068245
145,MEDIAN_FILTER,0.18611111111111112,0.9987324394493547,0.9977691119560776,0.0025594204370326403,5.267506552371042
145,JPEG_40,0.6865586419753087,0.9987318380332681,0.997835866590127,0.002534754247439828,5.369051244649765
145,ROTATION,0.3087885802469136,0.966071062094205,0.9401892626766709,0.06769469480871461,5.319199602896573
60,SALT_PEPPER,0.03385802469135803,0.9259429750231288,0.8796718154133293,0.16935595335665246,5.237985502896591
60,SPECKLE,0.29397376543209874,0.9888536410379746,0.9816549675391396,0.022452031101363408,5.245599142143265
60,GAUSSIAN_BLUR,0.28488425925925925,0.9970336892678274,0.9950832874867901,0.00599482709530366,5.324171394951304
60,MEDIAN_FILTER,0.18069444444444444,0.9984901956067024,0.9974786460971458,0.0030613459278419856,5.232317176657317
60,JPEG_40,0.6883101851851852,0.9985196427984567,0.9976077284049676,0.002958526372282025,5.339300778272507
60,ROTATION,0.30623456790123454,0.9580058557800907,0.9297490323387976,0.08374673555378835,5.281573374715087
52,SALT_PEPPER,0.035285493827160494,0.9233447208884775,0.8758216292853236,0.1762510099833089,5.231600758263636
52,SPECKLE,0.2923533950617284,0.988804059175376,0.9816145525368815,0.022534057233838764,5.237243279875118
52,GAUSSIAN_BLUR,0.2779861111111111,0.9971265906467155,0.9952469745678453,0.005808254194489829,5.3171297499413415
52,MEDIAN_FILTER,0.16640432098765431,0.9985637760298982,0.9976062136165768,0.002911333320461055,5.226194989227163
52,JPEG_40,0.6905941358024691,0.9985809636132639,0.9977120361515357,0.0028362392981187523,5.332919151968259
52,ROTATION,0.305787037037037,0.9575206871890772,0.9290808177467134,0.08471998363003076,5.274031605323831
58,SALT_PEPPER,0.03334876543209876,0.9286305092024121,0.8842048079014847,0.1625693308436767,5.23273898252525
58,SPECKLE,0.2947145061728395,0.9888078871035921,0.9816067983155848,0.022530526132841566,5.242648070828804
58,GAUSSIAN_BLUR,0.28291666666666665,0.9970283641841976,0.9950811800661289,0.006006071872839273,5.321380514674602
58,MEDIAN_FILTER,0.17786265432098766,0.9984897030091231,0.9974812356787406,0.0030624304001799253,5.230075752541441
58,JPEG_40,0.6879861111111111,0.9985264589879966,0.997620629438099,0.002945262666580923,5.338113400365278
58,ROTATION,0.3068364197530864,0.9576656530572591,0.9292756710038655,0.0844258421612499,5.278781791844604
6,SALT_PEPPER,0.033734567901234566,0.9221415742237544,0.8738528984870412,0.17910840384001817,5.246277817305318
6,SPECKLE,0.29337962962962966,0.9887474585584467,0.9815169023329564,0.02263863361970986,5.256600428261329
6,GAUSSIAN_BLUR,0.2818132716049383,0.996929189449278,0.9949213321325585,0.006206803986428613,5.347673138914834
6,MEDIAN_FILTER,0.1733641975308642,0.9984315290003606,0.9973860289737844,0.0031804154680928585,5.237077534256682
6,JPEG_40,0.6922453703703704,0.9985497209768278,0.9976580372132711,0.002898455144331058,5.323823179688407
6,ROTATION,0.298070987654321,0.9559726472049463,0.9264956521500244,0.08779170198296579,5.295729263025596
26,SALT_PEPPER,0.03410493827160494,0.9235277515426341,0.87594509486528,0.17560644241029916,5.227877994138108
26,SPECKLE,0.29631944444444447,0.9888208903785312,0.9816151031770447,0.022499857600067296,5.232874646915916
26,GAUSSIAN_BLUR,0.2775617283950617,0.9969547089807096,0.9949556433708303,0.006155773252082007,5.310649590469233
26,MEDIAN_FILTER,0.1647530864197531,0.9984718748214804,0.9974496376641768,0.003103681584338485,5.22030050550611
26,JPEG_40,0.6883101851851852,0.9985091999782243,0.997595818641565,0.0029794161246618545,5.332130981411255
26,ROTATION,0.30858024691358027,0.9562770039285112,0.9268949828330105,0.08718709502796648,5.269228321613664
17,SALT_PEPPER,0.034243827160493824,0.9224901466121833,0.8744528283904552,0.1782447579665817,5.2293518821686025
17,SPECKLE,0.29651234567901236,0.988905514700125,0.9817761170821769,0.022339915994122245,5.240885668425965
17,GAUSSIAN_BLUR,0.29044753086419756,0.9968635984568622,0.9948094654585199,0.006338930261499145,5.324504227723602
17,MEDIAN_FILTER,0.18839506172839507,0.9984004821874569,0.9973330713610771,0.003246297891234954,5.221200843192924
17,JPEG_40,0.6912191358024692,0.9983869369636055,0.9973842299839546,0.00322386473623683,5.330716965875367
17,ROTATION,0.30475308641975307,0.9557816088672171,0.926137359915625,0.08817023455514598,5.27799544906032
142,SALT_PEPPER,0.03412808641975309,0.9313858663264901,0.8836633434057969,0.15548114954700398,5.268391353098419
142,SPECKLE,0.2963425925925926,0.9888887406210853,0.9809077107515625,0.02237558575440235,5.276089153809644
142,GAUSSIAN_BLUR,0.28924382716049385,0.9973905901525403,0.9954807859449261,0.005271210193822046,5.344160814260211
142,MEDIAN_FILTER,0.18804783950617285,0.9986619328564974,0.9976642606554754,0.00270497299189332,5.258304610684858
142,JPEG_40,0.6867515432098765,0.9987000900903016,0.9977994839033952,0.0025981301558256854,5.357331841320862
142,ROTATION,0.3107638888888889,0.9641033662594667,0.9372289630708467,0.07161168324498034,5.307281772349305
70,SALT_PEPPER,0.03335648148148148,0.9314641643225288,0.8880353412711478,0.15531034722563797,5.241888575991984
70,SPECKLE,0.29570216049382714,0.9889327768902502,0.9817085326437117,0.022283021806315664,5.249167128614832
70,GAUSSIAN_BLUR,0.2886574074074074,0.997002609171805,0.9950109207740581,0.006057488493138871,5.327001199109254
70,MEDIAN_FILTER,0.19018518518518518,0.9984598034146208,0.9974170207706406,0.003120231104641349,5.234575953656602
70,JPEG_40,0.6891203703703703,0.998482848221439,0.9975356703822821,0.003032190924276741,5.343843489805979
70,ROTATION,0.30801697530864197,0.9581713511566987,0.9297274748582509,0.08341501280011376,5.284110762691
100,SALT_PEPPER,0.03423611111111111,0.910904409471992,0.8577211830344347,0.21018816096164683,5.190764941958641
100,SPECKLE,0.29583333333333334,0.98870526061127,0.9816119801173567,0.022702204568332784,5.195077571317793
100,GAUSSIAN_BLUR,0.266304012345679,0.9972602542857132,0.995503900558149,0.005539208645808737,5.2664727528393
100,MEDIAN_FILTER,0.14218364197530864,0.9985750094279322,0.9976438469614303,0.0028832927802514303,5.183221643676364
100,JPEG_40,0.6871759259259259,0.9986528527697371,0.9978612661416337,0.0026927035975915616,5.2569422909675
100,ROTATION,0.30290123456790125,0.959447952695948,0.932845558501023,0.08088487779139554,5.227837556162142
40,SALT_PEPPER,0.03260030864197531,0.9261138362430995,0.8799665949807614,0.1688653153857061,5.22516545072156
40,SPECKLE,0.29280864197530865,0.9888235583368331,0.9815947158518501,0.022499483957924213,5.232256728101145
40,GAUSSIAN_BLUR,0.28642746913580247,0.9970675300285265,0.9951361455433633,0.005926626406274955,5.310213792552823
40,MEDIAN_FILTER,0.18384259259259259,0.9985060546049822,0.9975035276389977,0.0030261834028142923,5.218821272301925
40,JPEG_40,0.6881635802469136,0.9984797567115041,0.9975393932037632,0.003038348989504903,5.333277835662368
40,ROTATION,0.30790895061728396,0.9569004358493138,0.9278564452480585,0.08595089759830138,5.267836616906961
19,SALT_PEPPER,0.03362654320987654,0.9260701185051228,0.8801550548605881,0.1691649034496665,5.228247140956095
19,SPECKLE,0.293695987654321,0.988840199551197,0.9816646774652509,0.022453568869209913,5.240235809859132
19,GAUSSIAN_BLUR,0.29060956790123454,0.9968210620010644,0.9947388502894298,0.006424455657183257,5.324156365652408
19,MEDIAN_FILTER,0.19018518518518518,0.9983679558632473,0.9972788640861173,0.0033130505758120652,5.220519650690269
19,JPEG_40,0.6898842592592592,0.9983709547145304,0.9973601231046026,0.0032555133990836735,5.3290685974680985
19,ROTATION,0.3025385802469136,0.9555617773258763,0.9257688857792336,0.08860741289412451,5.2771399690153205
128,SALT_PEPPER,0.034436728395061726,0.9254996841281834,0.8754419853500276,0.1708150586775595,5.239023836368115
128,SPECKLE,0.29396604938271603,0.9888565472290928,0.9810656185168958,0.022420735772990925,5.245177885453953
128,GAUSSIAN_BLUR,0.27742283950617286,0.9976881179295801,0.9960410462886768,0.0046702286838329965,5.315884504509956
128,MEDIAN_FILTER,0.14844907407407407,0.9987889836807641,0.9979101830102455,0.0024466899221919063,5.233277473284416
128,JPEG_40,0.6885648148148148,0.9988061443908078,0.9980197563165654,0.0023863094581487135,5.327092976489252
128,ROTATION,0.3068287037037037,0.9658760464875723,0.94102562333228,0.06808808249080128,5.276431669766079
35,SALT_PEPPER,0.03322530864197531,0.9253585546166407,0.8785805379125224,0.17111371752125615,5.225809257439073
35,SPECKLE,0.29475308641975306,0.9887402406176964,0.9814378777886663,0.0226732582368549,5.2313489068230155
35,GAUSSIAN_BLUR,0.2822453703703704,0.9970906297954538,0.9951674090925601,0.005878812742475501,5.308234917049446
35,MEDIAN_FILTER,0.17589506172839506,0.9985195101047856,0.9975223738008281,0.0029989846957402407,5.217088295125749
35,JPEG_40,0.6888966049382717,0.9985048581568287,0.9975777528574448,0.002988157909158991,5.329985647450881
35,ROTATION,0.30616512345679014,0.956906883140563,0.9277644522000014,0.08594123733139987,5.266012587226863
108,SALT_PEPPER,0.03340277777777778,0.915853167988051,0.8674106649562286,0.19621931301643628,5.188519125795734
108,SPECKLE,0.294375,0.9888486331228089,0.9821495985747362,0.02243145992386231,5.187309815303706
108,GAUSSIAN_BLUR,0.27502314814814816,0.9971734562546218,0.9954436771910187,0.005717254698828813,5.264782417226292
108,MEDIAN_FILTER,0.16135802469135802,0.9985302618421674,0.9976131839639618,0.002977831581120029,5.180014160469852
108,JPEG_40,0.6843132716049383,0.9985446874458138,0.9977272533658531,0.0029085071750856064,5.260609063524359
108,ROTATION,0.3015817901234568,0.9579409356105422,0.93158616899549,0.08388223522776948,5.2260863778305655
86,SALT_PEPPER,0.03251543209876543,0.9262541573215161,0.8796763343984381,0.16820212327688405,5.224596850909688
86,SPECKLE,0.295787037037037,0.9887848885320363,0.9814480128548357,0.022576112117856987,5.234047529310672
86,GAUSSIAN_BLUR,0.2855941358024691,0.9972093354017746,0.9953451173832568,0.005632475279972722,5.307324018861976
86,MEDIAN_FILTER,0.17797839506172838,0.9985609053898938,0.9975832055071109,0.002908396690964727,5.219173549486798
86,JPEG_40,0.6850848765432099,0.9985567255157775,0.9976612601712092,0.0028845061435275195,5.321921339842817
86,ROTATION,0.3097608024691358,0.9605713392305557,0.9336856706904648,0.07864962332811415,5.267677969007003
31,SALT_PEPPER,0.033680555555555554,0.9242615422261892,0.8767375392433134,0.17449128740191092,5.219782741457108
31,SPECKLE,0.29314043209876545,0.9887403320210221,0.9814031806552284,0.02267033092756193,5.227453299195994
31,GAUSSIAN_BLUR,0.2789583333333333,0.9971121340014013,0.995191876422741,0.005833361958440023,5.304013077503644
31,MEDIAN_FILTER,0.1694212962962963,0.9985321276881125,0.997538432843637,0.002972168768298165,5.2130884678605165
31,JPEG_40,0.688966049382716,0.9985184596630642,0.9976041028682119,0.0029609524172423186,5.324813650294922
31,ROTATION,0.3077083333333333,0.9577438484323458,0.9290232702012212,0.08427618948096899,5.262011407322744
92,SALT_PEPPER,0.032199074074074074,0.9191420694712203,0.8668996108731328,0.18799201057661008,5.191047432921409
92,SPECKLE,0.29616512345679014,0.9887705555214684,0.981162513893757,0.022596072085077707,5.205073323842929
92,GAUSSIAN_BLUR,0.28054012345679014,0.9973723898189337,0.9955503937154863,0.005299601768297445,5.272221311082887
92,MEDIAN_FILTER,0.16707561728395062,0.9986158426939342,0.9976407162406223,0.002792198418098342,5.184786487457246
92,JPEG_40,0.6887345679012346,0.9986233082718418,0.9977452882504312,0.0027522063616213913,5.28326421555011
92,ROTATION,0.30775462962962963,0.9625624528404911,0.9361043213215413,0.07468676981362543,5.233183279312557
5,SALT_PEPPER,0.03376543209876543,0.9241875302585946,0.8771334937191299,0.17364878252277155,5.245039118425275
5,SPECKLE,0.2942283950617284,0.988861974536587,0.9817097465863662,0.022423886337960136,5.2575032685106775
5,GAUSSIAN_BLUR,0.28238425925925925,0.9969405537147433,0.9949410332743505,0.006184349060945256,5.347552865728056
5,MEDIAN_FILTER,0.17248456790123456,0.9984387003106177,0.997398455189518,0.003166080740512505,5.236639380290269
5,JPEG_40,0.6913657407407408,0.9985613692110372,0.997675397506836,0.0028752067552886493,5.320158171579964
5,ROTATION,0.2977314814814815,0.9560188391624371,0.9265859139630374,0.0877020536669339,5.295827204318017
12,SALT_PEPPER,0.033171296296296296,0.9251797391081407,0.878951675451642,0.17128588407319037,5.23029356808762
12,SPECKLE,0.29344135802469135,0.9889071006881571,0.9818173317600244,0.02236416441316104,5.242710382529144
12,GAUSSIAN_BLUR,0.2883256172839506,0.9968359700742594,0.9947756067150668,0.006395328545999729,5.32572497167295
12,MEDIAN_FILTER,0.18479166666666666,0.9983997726007936,0.9973377799160041,0.003248485200098025,5.22179064109543
12,JPEG_40,0.6922685185185186,0.9983920233999768,0.9973995265383409,0.003213658337020703,5.327413522473357
12,ROTATION,0.3036111111111111,0.9553089760933168,0.9255099990431116,0.0891090812526663,5.277638529200103
8,SALT_PEPPER,0.03216049382716049,0.9292965528607614,0.8853043186892875,0.16017708634885422,5.233294248574343
8,SPECKLE,0.293070987654321,0.9888146469281962,0.981643056597521,0.022528454057295526,5.2475850684103085
8,GAUSSIAN_BLUR,0.2844984567901235,0.9968898559602406,0.9948586023907982,0.006286315159364014,5.332602022911472
8,MEDIAN_FILTER,0.1769212962962963,0.9984209559916668,0.9973699212169942,0.003203794788766079,5.228325553492719
8,JPEG_40,0.6918904320987654,0.9984374028309304,0.9974684416249846,0.0031228091757584796,5.328394861969352
8,ROTATION,0.3008641975308642,0.9558528925956334,0.9263354367521126,0.08802967092322214,5.283227829012904
104,SALT_PEPPER,0.03386574074074074,0.9121830584312048,0.8610088364635348,0.20667131264881303,5.183584070696708
104,SPECKLE,0.29554783950617286,0.9887363597243763,0.9818515795795977,0.022676262740811463,5.185139889294396
104,GAUSSIAN_BLUR,0.2716280864197531,0.9971826021103722,0.9954264272680631,0.005697243346894011,5.257883356421017
104,MEDIAN_FILTER,0.1519753086419753,0.9985407764853681,0.9976135028569196,0.0029542946400496835,5.174857683987415
104,JPEG_40,0.689429012345679,0.9985596410010076,0.997745304833987,0.0028787344787417823,5.257204012223665
104,ROTATION,0.3042746913580247,0.9583155489150451,0.9317173106976399,0.0831356536287488,5.21988009267933
143,SALT_PEPPER,0.033595679012345676,0.9316847213294305,0.8841957674830526,0.15445321743125243,5.268771033130577
143,SPECKLE,0.2954861111111111,0.9888868322263052,0.9809137482040324,0.022397455718686742,5.279195846073799
143,GAUSSIAN_BLUR,0.2914274691358025,0.9973786627555675,0.9954619050884435,0.005295386140194963,5.346147064088353
143,MEDIAN_FILTER,0.18974537037037037,0.9986536517154028,0.9976507072448856,0.002721588572638454,5.259470385648581
143,JPEG_40,0.6867746913580247,0.9986844430103478,0.9977740777034732,0.0026295670152785646,5.359774932390088
143,ROTATION,0.3089043209876543,0.9640561814126657,0.9371706565789898,0.07170615723702116,5.310737255346561
123,SALT_PEPPER,0.03447530864197531,0.9258351931933745,0.8760813158592665,0.16957897801114583,5.2278849371881115
123,SPECKLE,0.295,0.9887858217215771,0.9809531767941619,0.022561596483596146,5.238981835590786
123,GAUSSIAN_BLUR,0.28412037037037036,0.997819309644287,0.9962648918112122,0.004401145965981059,5.311838391813325
123,MEDIAN_FILTER,0.1684104938271605,0.9988246324414977,0.9979725514757236,0.002370465878566204,5.224111449015421
123,JPEG_40,0.6866820987654321,0.9987933331819204,0.997993127695066,0.002412694170951481,5.322791953426462
123,ROTATION,0.30657407407407405,0.9683023632004198,0.9452543535560483,0.0632552936150219,5.270342353821524
16,SALT_PEPPER,0.03409722222222222,0.9278976761161066,0.8830989668591654,0.16472250961104062,5.227494286041692
16,SPECKLE,0.28963734567901234,0.9889019708779868,0.9817803974655097,0.022340204787125936,5.2420636599960835
16,GAUSSIAN_BLUR,0.2877391975308642,0.9968430206792818,0.9947774910492967,0.006380634206548241,5.325072579807795
16,MEDIAN_FILTER,0.18733796296296296,0.9983849154241071,0.9973081369727167,0.0032774985023684504,5.222402641280134
16,JPEG_40,0.6923996913580247,0.9983845214652739,0.9973848953614292,0.0032284749560582606,5.3294850060475225
16,ROTATION,0.3027237654320988,0.9556201131545728,0.9258951666939595,0.08849119289234897,5.276233524026856
74,SALT_PEPPER,0.03229938271604938,0.9267677473491565,0.8804469643845719,0.1669179929299028,5.2391486242506575
74,SPECKLE,0.29345679012345677,0.988859965596945,0.9815925971893799,0.022444001172441955,5.249551782606066
74,GAUSSIAN_BLUR,0.2918904320987654,0.9969769861341675,0.9949676831582985,0.006108753311009389,5.325491933287872
74,MEDIAN_FILTER,0.19284722222222223,0.9984503044003522,0.997400916567501,0.0031394130585877832,5.233452651400291
74,JPEG_40,0.6885030864197531,0.9984586857569121,0.9974950583231117,0.0030811944255725258,5.345944043463981
74,ROTATION,0.3090277777777778,0.958108279000693,0.9296153360016527,0.08353948991497287,5.284108942732902
102,SALT_PEPPER,0.03417438271604938,0.9124541302271573,0.8613199212372352,0.20512903787566,5.179442592142517
102,SPECKLE,0.2937114197530864,0.988800553350347,0.9819363505565728,0.022536531400378448,5.183844659988681
102,GAUSSIAN_BLUR,0.26861882716049384,0.9971589374748264,0.9953841286880306,0.005747117470631851,5.256029472575806
102,MEDIAN_FILTER,0.14891203703703704,0.998527121679538,0.9975887509786855,0.0029821810331409487,5.172921385017043
102,JPEG_40,0.6884799382716049,0.998570878705139,0.9977571073009911,0.002856200442776753,5.256299986088567
102,ROTATION,0.30452160493827163,0.958140028690149,0.9313579503145214,0.08348437098143009,5.218448655432164
82,SALT_PEPPER,0.03238425925925926,0.9302052753998818,0.8864638949331742,0.15843255925301158,5.235208370291775
82,SPECKLE,0.29334104938271605,0.988805826612176,0.9815675927585146,0.022527583704262843,5.245247474984221
82,GAUSSIAN_BLUR,0.28405864197530867,0.9969990872966789,0.9950224855296953,0.006064294342736406,5.321114885458975
82,MEDIAN_FILTER,0.17925925925925926,0.9985034364270879,0.9974993365745186,0.003034835046709691,5.23258201183493
82,JPEG_40,0.688533950617284,0.9985058063049567,0.9975844322580676,0.0029862335732325413,5.338919443204103
82,ROTATION,0.3084799382716049,0.9579926551563864,0.929681910431968,0.0837711179440416,5.28001715146949
2,SALT_PEPPER,0.03342592592592593,0.9221783236239854,0.8737804902941109,0.17868251833204465,5.251882959400945
2,SPECKLE,0.29391975308641977,0.9888670905360389,0.9817033194725705,0.022412803535684145,5.264959202378258
2,GAUSSIAN_BLUR,0.2806095679012346,0.9970231044041378,0.9950720618397371,0.006017008522789281,5.354416924303094
2,MEDIAN_FILTER,0.16202932098765432,0.9985082053367028,0.9975117563208956,0.0030229354763375784,5.2434366555045875
2,JPEG_40,0.6907021604938272,0.998658699315207,0.9978380247888965,0.002680870365385048,5.323971758145397
2,ROTATION,0.3023996913580247,0.9567669884017935,0.9277646487355389,0.08621315857361786,5.302362828819595
23,SALT_PEPPER,0.03350308641975309,0.9261544538240598,0.8803130348447449,0.16924274790087476,5.228344610849371
23,SPECKLE,0.29476851851851854,0.9888530382012836,0.9816726119821763,0.02244936059363942,5.244057701498878
23,GAUSSIAN_BLUR,0.29189814814814813,0.9968206618131349,0.9947351209125505,0.006425253618284622,5.32654129173034
23,MEDIAN_FILTER,0.19151234567901235,0.9983665889170923,0.9972750995661872,0.0033157096062981653,5.2235744829837145
23,JPEG_40,0.6902469135802469,0.9983634877371073,0.9973461855036807,0.0032704314250636096,5.330250484101416
23,ROTATION,0.3041203703703704,0.9555981571496764,0.9257892956436655,0.08853521392486605,5.278772722425584
131,SALT_PEPPER,0.03353395061728395,0.9297213590609424,0.8814903734887536,0.15974039471762352,5.242815181427575
131,SPECKLE,0.2971682098765432,0.9888303763855589,0.9808869913969385,0.02251021505706205,5.25185952545185
131,GAUSSIAN_BLUR,0.2844135802469136,0.997561571079084,0.995791206218162,0.004924616201961783,5.3217957379222804
131,MEDIAN_FILTER,0.1691820987654321,0.9987334024913512,0.9977973090751401,0.002559993634591843,5.237794571000021
131,JPEG_40,0.6854398148148149,0.9987369769502634,0.9978760107530212,0.0025250274158090773,5.335687735759663
131,ROTATION,0.3067746913580247,0.96553560958255,0.939967764405048,0.06876476855159436,5.283273362344897
14,SALT_PEPPER,0.03283179012345679,0.9246804962118025,0.8780677061256491,0.17240282857618897,5.231617257921645
14,SPECKLE,0.2956867283950617,0.9888364586036047,0.9817004071989729,0.02247418289298394,5.2403847858157775
14,GAUSSIAN_BLUR,0.28891203703703705,0.9968295937391347,0.9947637080900676,0.006408417054707095,5.32501791268411
14,MEDIAN_FILTER,0.18516203703703704,0.9983935977941854,0.9973268491477982,0.003262082346625265,5.221694578879005
14,JPEG_40,0.6939583333333333,0.9983888704228835,0.9973960273413593,0.0032197618639847256,5.328954634589366
14,ROTATION,0.3038503086419753,0.9553180777304116,0.925507474652392,0.0890895071774246,5.27578168239337
101,SALT_PEPPER,0.03405864197530864,0.9107204103271133,0.8581723141948348,0.21006460139938232,5.174633194993573
101,SPECKLE,0.294375,0.9887292541454893,0.9817502427902287,0.02267766155467343,5.181850984525
101,GAUSSIAN_BLUR,0.2696604938271605,0.9972024543516886,0.9954363703901556,0.0056579785203022415,5.253900279749006
101,MEDIAN_FILTER,0.14722993827160494,0.9985527107424752,0.997620871861205,0.002928831481075226,5.17075494697748
101,JPEG_40,0.6870601851851852,0.9985965547291042,0.9977863150026793,0.0028049211815200504,5.254183000094489
101,ROTATION,0.3049151234567901,0.9585068047067957,0.9316833830030359,0.08275710758403257,5.21551824873393
67,SALT_PEPPER,0.03398148148148148,0.9265479776620924,0.8800278750836608,0.16727381096997435,5.241994634649646
67,SPECKLE,0.2928626543209877,0.9888531513016838,0.9815824730822859,0.022455858717669887,5.250837308114903
67,GAUSSIAN_BLUR,0.28749228395061727,0.9970128237952032,0.9950271686332366,0.006036749551561601,5.3271661646700945
67,MEDIAN_FILTER,0.18935956790123457,0.9984662166772572,0.9974274577797917,0.003109172420397922,5.234556608756543
67,JPEG_40,0.6883873456790124,0.9984963386734229,0.9975554698432199,0.003005218824417725,5.343714749418092
67,ROTATION,0.30701388888888886,0.9581882004408069,0.9297473966037507,0.0833814735605642,5.284461254096723
107,SALT_PEPPER,0.03406635802469136,0.914706385915711,0.8658280980266635,0.19961062603644592,5.174296861637787
107,SPECKLE,0.29314814814814816,0.9888585617070322,0.9821689005847731,0.02241750309022663,5.179525319416121
107,GAUSSIAN_BLUR,0.27327932098765434,0.9971284260504064,0.9953703963264946,0.005807711637053366,5.257288422546848
107,MEDIAN_FILTER,0.16175925925925927,0.9985057370220755,0.9975731915843667,0.003030011358918215,5.171857152860197
107,JPEG_40,0.685570987654321,0.9985337425017456,0.9977119935632022,0.002930686152880548,5.256964339445682
107,ROTATION,0.3010956790123457,0.9578530643451766,0.9314355080093991,0.08405446038633216,5.217183221216303
76,SALT_PEPPER,0.033109567901234566,0.9273015288140496,0.8814244698013254,0.16664273226351958,5.2416651904322995
76,SPECKLE,0.2933641975308642,0.9888978169481237,0.9816623049604957,0.022351639118777005,5.250285992755899
76,GAUSSIAN_BLUR,0.27912037037037035,0.9970640440388442,0.9951136632914006,0.005933943650595858,5.324210402072822
76,MEDIAN_FILTER,0.16706018518518517,0.9985322756373937,0.9975387157716599,0.0029754221417501196,5.236020575361177
76,JPEG_40,0.6888888888888889,0.998584730828995,0.9977035004669206,0.002829318323771043,5.349514048850849
76,ROTATION,0.30691358024691356,0.9586143000404154,0.9304756386054511,0.08253752355079391,5.2845795055622
124,SALT_PEPPER,0.033742283950617284,0.9276647021701467,0.8788842833348273,0.1653086487302811,5.222595769555953
124,SPECKLE,0.29520833333333335,0.9888338999080813,0.9810074822090968,0.022466251192979184,5.231734942915082
124,GAUSSIAN_BLUR,0.28553240740740743,0.9977739231446724,0.9961799348518198,0.004492860208127846,5.303801611300663
124,MEDIAN_FILTER,0.17161265432098766,0.9987979625669129,0.9979225950126337,0.0024242704938638856,5.214417260861485
124,JPEG_40,0.6878240740740741,0.9987749773287644,0.9979563022526178,0.0024488371113188362,5.321935755266327
124,ROTATION,0.3065277777777778,0.9680767652121982,0.9447576301340368,0.06370473425725565,5.2628138116773915
3,SALT_PEPPER,0.03356481481481482,0.9272808656900874,0.8820303441488325,0.16591251987883018,5.247089944187579
3,SPECKLE,0.2950077160493827,0.9889335874792842,0.9818059767959139,0.02224290188023761,5.262655670426013
3,GAUSSIAN_BLUR,0.2810570987654321,0.9970202313475472,0.9950675272380134,0.0060230363885870235,5.354195526150909
3,MEDIAN_FILTER,0.16284722222222223,0.9985019611073486,0.9975014071944395,0.003035683075516074,5.24307087477236
3,JPEG_40,0.6914814814814815,0.9986470651979911,0.9978194836613875,0.002704527751606357,5.3239441391834585
3,ROTATION,0.30243055555555554,0.9567062156930239,0.9276655066495839,0.08633510987772029,5.301548427868756
69,SALT_PEPPER,0.03307098765432099,0.9313552989130771,0.8878067169608498,0.15556396428098174,5.2399908815346485
69,SPECKLE,0.29432870370370373,0.9887853578365431,0.9814611309897228,0.022585824060878452,5.2497535394078385
69,GAUSSIAN_BLUR,0.2887268518518519,0.9970163172334255,0.995029944703391,0.006029533568840026,5.327242093485496
69,MEDIAN_FILTER,0.18954475308641974,0.9984707876495552,0.9974335159875876,0.0030985053870600707,5.2342296903787
69,JPEG_40,0.6868132716049383,0.9984939125540824,0.9975487262110485,0.0030099797998643456,5.344129632071399
69,ROTATION,0.30809413580246914,0.958285298902361,0.9298677459875139,0.08319061328941521,5.284302196569887
136,SALT_PEPPER,0.034027777777777775,0.9291899643913936,0.8801846071544347,0.16094286147726777,5.251835398445262
136,SPECKLE,0.29378858024691357,0.9889172024821401,0.980970334436536,0.022327496994681065,5.2623968672457595
136,GAUSSIAN_BLUR,0.29011574074074076,0.9974779042019392,0.9956340461956581,0.005094999413371923,5.331023564337823
136,MEDIAN_FILTER,0.17900462962962962,0.9986991502544458,0.9977305168819056,0.002632245961492462,5.243925733994259
136,JPEG_40,0.6881404320987654,0.9987398468136981,0.9978789845019214,0.002518925327799917,5.34772358250512
136,ROTATION,0.30877314814814816,0.9646527725984194,0.9382268197315428,0.07051857017628263,5.293622946456458
61,SALT_PEPPER,0.03306327160493827,0.9286114412296748,0.8838476373301015,0.1622952497793802,5.236532467774838
61,SPECKLE,0.294945987654321,0.9888699800525937,0.981674047607295,0.022425032679643082,5.244662058970364
61,GAUSSIAN_BLUR,0.2857098765432099,0.9970408784737462,0.9950907979134223,0.005980430368438385,5.322774114962861
61,MEDIAN_FILTER,0.18058641975308642,0.9985002099743604,0.9974931452962018,0.003040798625914227,5.230803328007543
61,JPEG_40,0.6882947530864197,0.9985178312478997,0.9975989103755847,0.0029622050301975154,5.339914581192426
61,ROTATION,0.30579475308641973,0.9580228377743569,0.9297138260838292,0.08371316766552903,5.281740331654433
132,SALT_PEPPER,0.034575617283950616,0.9311289805694327,0.8839085384497034,0.15646341445619033,5.242054818532187
132,SPECKLE,0.2971682098765432,0.9887627948610825,0.9807703557477898,0.022623913754657,5.25252988022201
132,GAUSSIAN_BLUR,0.2845061728395062,0.9975318183802663,0.9957410447073545,0.004984609274312736,5.323075616336027
132,MEDIAN_FILTER,0.1704320987654321,0.9987169236894937,0.9977692642905798,0.0025935277411101576,5.239182248736495
132,JPEG_40,0.6878935185185185,0.9987222754777139,0.9978540835700525,0.002554020840214943,5.3370363303435955
132,ROTATION,0.30901234567901237,0.9653716465759177,0.939698606259797,0.0690911153378451,5.284759274956915
55,SALT_PEPPER,0.03234567901234568,0.9252442703255127,0.878862064773205,0.1715604504724848,5.234232415470682
55,SPECKLE,0.29483024691358023,0.9887742707534748,0.9815747442973054,0.022590459245668753,5.240102111961925
55,GAUSSIAN_BLUR,0.2810185185185185,0.9970558695279028,0.9951310279276003,0.005951476174673042,5.319686807728026
55,MEDIAN_FILTER,0.17099537037037038,0.9985098285708164,0.9975168507625751,0.003023047160301984,5.226679039796295
55,JPEG_40,0.6871373456790123,0.9985331601176455,0.9976376163240426,0.0029319729507937316,5.332185554574052
55,ROTATION,0.30736882716049385,0.9575074485871112,0.9290700839659364,0.08474073250918886,5.275902818689165
32,SALT_PEPPER,0.034498456790123457,0.9201565343877196,0.8702399315888886,0.1843297096667198,5.22176555798816
32,SPECKLE,0.29476080246913583,0.9888419876710465,0.9815823122386553,0.022442971795308148,5.227676357132187
32,GAUSSIAN_BLUR,0.28204475308641974,0.9971188189173854,0.9952101003846651,0.005821366052694426,5.305037779808752
32,MEDIAN_FILTER,0.17290123456790124,0.9985326965917944,0.997542651881624,0.0029708021885476695,5.214340929241841
32,JPEG_40,0.6921527777777777,0.9985087418674744,0.9975887453468785,0.002980345581503063,5.326709950857287
32,ROTATION,0.30734567901234566,0.9573065833769455,0.9283832690241627,0.08514603481498682,5.263704170468661
73,SALT_PEPPER,0.032214506172839504,0.9288704438392203,0.8838689377010976,0.16187252950043407,5.23757761090549
73,SPECKLE,0.2917746913580247,0.9888672898583128,0.9815952890362408,0.022394712117799247,5.250935359787496
73,GAUSSIAN_BLUR,0.29055555555555557,0.9969831221898415,0.994976655033346,0.006096336100071948,5.328088384147065
73,MEDIAN_FILTER,0.19278549382716048,0.9984490591067161,0.9973981861507515,0.003141364973730318,5.2356159831241476
73,JPEG_40,0.6880864197530864,0.9984618944987212,0.9974965535828565,0.0030742504099391934,5.34385461696879
73,ROTATION,0.30862654320987654,0.9581748743954206,0.9297106083622789,0.08340689216305536,5.284852557261841
29,SALT_PEPPER,0.03362654320987654,0.9238156026515352,0.8763798454472919,0.1754769083793978,5.2236759221046585
29,SPECKLE,0.2946604938271605,0.9888542498991345,0.9816657366138913,0.02246073935847651,5.229896324771961
29,GAUSSIAN_BLUR,0.27948302469135805,0.9970217336545596,0.9950612920984668,0.00601802094410137,5.307355543420254
29,MEDIAN_FILTER,0.16994598765432098,0.9984824263674116,0.9974650614232932,0.003078659751260504,5.216177986013223
29,JPEG_40,0.6874074074074074,0.9984772898867509,0.997540628131115,0.003043257782189204,5.3286031169700445
29,ROTATION,0.3068595679012346,0.9569146958140956,0.9279055040284941,0.08592271074350263,5.264672770162734
77,SALT_PEPPER,0.03257716049382716,0.924354371325965,0.876673216500792,0.17292357304250838,5.2435463673220895
77,SPECKLE,0.29452932098765433,0.9887754619627269,0.9814715212357953,0.022610842077287533,5.25267628682874
77,GAUSSIAN_BLUR,0.27915123456790125,0.997040621102104,0.9950792367222678,0.005981476870109681,5.32637637702808
77,MEDIAN_FILTER,0.16902777777777778,0.9985234813933864,0.9975262170922357,0.0029948554833592283,5.237853827879199
77,JPEG_40,0.6903626543209876,0.9985619536914773,0.9976656265911407,0.002875104173092519,5.344111681123082
77,ROTATION,0.3073996913580247,0.9584394511753354,0.9302450312372863,0.08288330936523247,5.285647361529425
46,SALT_PEPPER,0.03439043209876543,0.9250132992919522,0.8785201868841557,0.17181629903272957,5.222401460021073
46,SPECKLE,0.29478395061728396,0.9888804677515595,0.9817436970095883,0.022397899445800108,5.230116545924735
46,GAUSSIAN_BLUR,0.2879861111111111,0.9970422837119419,0.9951047623430399,0.005976839321235526,5.308826710710392
46,MEDIAN_FILTER,0.18804012345679014,0.9984793461599374,0.9974646977304539,0.0030820494855900334,5.217580839495607
46,JPEG_40,0.6870833333333334,0.9984519465781857,0.9975001039160899,0.0030948343723649924,5.3276990330984075
46,ROTATION,0.3083179012345679,0.9569263492453198,0.9280643640349595,0.0858978857000239,5.266238451848976
39,SALT_PEPPER,0.032615740740740744,0.9257787893547021,0.8793272652118284,0.16980632957876815,5.230467659714714
39,SPECKLE,0.29478395061728396,0.9889166887309211,0.9817492607768694,0.022335995864292232,5.232806088808958
39,GAUSSIAN_BLUR,0.2883950617283951,0.9970675067295565,0.995134645017736,0.005926449146248976,5.310506834519235
39,MEDIAN_FILTER,0.18165123456790122,0.9985014530067254,0.9974950410024811,0.0030359800326119606,5.218784598502436
39,JPEG_40,0.6876851851851852,0.9984802362761234,0.9975388165379507,0.003037546598716731,5.3330049785762785
39,ROTATION,0.3057793209876543,0.9570057259761489,0.9280094545751763,0.0857417357548094,5.269634537642607
95,SALT_PEPPER,0.03361111111111111,0.9140790113388373,0.859843156148036,0.20172980946714025,5.17718008992444
95,SPECKLE,0.2925,0.9888289427800033,0.9813904173103705,0.022452719857362764,5.18563482307955
95,GAUSSIAN_BLUR,0.27741512345679015,0.997324815132713,0.995506126582055,0.005399955274761823,5.2565048278776905
95,MEDIAN_FILTER,0.16546296296296295,0.9985786837133168,0.9975958264294832,0.0028682165595980058,5.1685508236573
95,JPEG_40,0.6875694444444445,0.9985727323200971,0.9976819685314042,0.0028525473492081563,5.2712517262039
95,ROTATION,0.3064429012345679,0.9603354478850877,0.9328119000140186,0.07912512692533338,5.217100699153839
126,SALT_PEPPER,0.03378858024691358,0.9270517050992346,0.8778569381753613,0.16643919885409691,5.2382421779949775
126,SPECKLE,0.2944907407407407,0.9887997850367417,0.9809468127717285,0.02256061179187791,5.249043958544915
126,GAUSSIAN_BLUR,0.2746296296296296,0.9977336288087904,0.9961136441708949,0.004578488590595005,5.317671605936038
126,MEDIAN_FILTER,0.14373456790123457,0.9988220770699742,0.9979644545542797,0.0023797760241131825,5.234960108790581
126,JPEG_40,0.6899537037037037,0.9988621688391527,0.9981118494414235,0.0022745891392838315,5.329848939280234
126,ROTATION,0.30648148148148147,0.96623547819681,0.9415691142175667,0.06737382208735518,5.278307864636416
117,SALT_PEPPER,0.03425925925925926,0.921243385243783,0.8718945272860757,0.18157757525208915,5.220091495618902
117,SPECKLE,0.2937268518518519,0.9888951931842409,0.9816642548039696,0.022349150236218484,5.222699228347437
117,GAUSSIAN_BLUR,0.28217592592592594,0.997488268909856,0.9958198692777435,0.005074549281817492,5.2992103218992375
117,MEDIAN_FILTER,0.1703858024691358,0.9986896248297136,0.9978031520556356,0.0026467241710745127,5.213761465858918
117,JPEG_40,0.6876697530864198,0.9987056022026368,0.9979121494551456,0.0025874755897215807,5.30275517336945
117,ROTATION,0.305625,0.9619958087511621,0.9361924714327486,0.07581699010574919,5.259549742232721
20,SALT_PEPPER,0.03376543209876543,0.9243709710035402,0.8773850436546949,0.17364344109711624,5.233004589490726
20,SPECKLE,0.29439814814814813,0.988854380676341,0.9816837623507035,0.022415265714912903,5.241028291669947
20,GAUSSIAN_BLUR,0.2907793209876543,0.9968207945381081,0.9947385180940441,0.006425240740305573,5.324758885275073
20,MEDIAN_FILTER,0.1903780864197531,0.9983663361586691,0.9972762325766314,0.003316715506766602,5.221526042715147
20,JPEG_40,0.6893364197530865,0.9983696051958713,0.997356240186678,0.003258195097170025,5.329403343899585
20,ROTATION,0.3026003086419753,0.9555794896747688,0.9257997094027246,0.08857148422625645,5.277573171997113
47,SALT_PEPPER,0.03351851851851852,0.9227781902667286,0.8749805968253809,0.17795623786150108,5.223385509333354
47,SPECKLE,0.2932253086419753,0.9888229067072909,0.9816360695279637,0.02248696590345497,5.229697292612676
47,GAUSSIAN_BLUR,0.2885493827160494,0.9970419558644567,0.9951043904854375,0.005977489606854617,5.30915789280868
47,MEDIAN_FILTER,0.18805555555555556,0.9984788623799767,0.99746397712638,0.00308331821546235,5.217809820368585
47,JPEG_40,0.6882870370370371,0.9984502776286904,0.9974967446741607,0.003098081626340714,5.327692353313319
47,ROTATION,0.3082716049382716,0.956925416073841,0.9280648126287367,0.0859002267787702,5.266824022088965
149,SALT_PEPPER,0.03351851851851852,0.9360734124295679,0.8896080349430286,0.1434397198830984,5.293502062397548
149,SPECKLE,0.29713734567901234,0.9888088695588015,0.980450392177874,0.022536031900010245,5.303868252594448
149,GAUSSIAN_BLUR,0.2940895061728395,0.9976290525765322,0.9958223642654513,0.004784915561876417,5.372140292135328
149,MEDIAN_FILTER,0.18641203703703704,0.9987863682452741,0.9978455034963233,0.0024496148740730727,5.2837670282216065
149,JPEG_40,0.6868441358024692,0.9987947454304781,0.9979310196417512,0.0024090565723088497,5.387567092617321
149,ROTATION,0.31166666666666665,0.9673835659031634,0.9420101643956428,0.06508177642556973,5.335618659727356
122,SALT_PEPPER,0.033603395061728394,0.9268638552293369,0.8779328962566487,0.16759232546476827,5.22719017225326
122,SPECKLE,0.2950462962962963,0.9888050150021639,0.9810117589885897,0.022550098536542315,5.237354781954965
122,GAUSSIAN_BLUR,0.28162808641975307,0.9978261017277924,0.9962805937454955,0.004387494429352713,5.310400374009464
122,MEDIAN_FILTER,0.16412037037037036,0.9988293797157409,0.9979828251867663,0.0023602441893205445,5.2224526981243455
122,JPEG_40,0.6888734567901235,0.9988088906388195,0.9980262802847603,0.0023815701976860337,5.323459892021978
122,ROTATION,0.30820987654320986,0.9680956520395543,0.9449549125887389,0.06366828578564597,5.268656560525059
116,SALT_PEPPER,0.033819444444444444,0.9221524819871363,0.8733571139520281,0.17941840238988715,5.220526502825652
116,SPECKLE,0.29474537037037035,0.9888980691535447,0.9816695821631524,0.022349941267657623,5.222579574358865
116,GAUSSIAN_BLUR,0.2830324074074074,0.9974794930626024,0.9958063586961747,0.005092676926650736,5.2994773063265255
116,MEDIAN_FILTER,0.170570987654321,0.9986877068838255,0.997800479053597,0.0026501763379150225,5.214633350612603
116,JPEG_40,0.6869212962962963,0.9987028296748927,0.9979047809228068,0.0025927474644093554,5.301097678242181
116,ROTATION,0.30626543209876544,0.9618754003672966,0.9360062517973523,0.07605739068026444,5.259626488768777
48,SALT_PEPPER,0.032407407407407406,0.9235947382917359,0.8762480026714782,0.17603713609841534,5.227637710945228
48,SPECKLE,0.2940740740740741,0.9887357260691773,0.981496682025446,0.022661280870903813,5.230620042698555
48,GAUSSIAN_BLUR,0.2889891975308642,0.9970432839317007,0.9951075237745237,0.005974909179829109,5.309035400924297
48,MEDIAN_FILTER,0.1874922839506173,0.9984792509565292,0.9974651074223617,0.003082500105499916,5.217542780747227
48,JPEG_40,0.6887345679012346,0.9984482214480404,0.9974917862781008,0.0031019990401827953,5.3273142103531494
48,ROTATION,0.3103163580246914,0.9569185089499147,0.9280662370699799,0.08591330339394539,5.267340749256249
84,SALT_PEPPER,0.034151234567901236,0.9248521095091738,0.8777440321850848,0.17233939903661202,5.232191725530997
84,SPECKLE,0.2935108024691358,0.9887889305198988,0.9815146075846923,0.022558231582547862,5.238056384340228
84,GAUSSIAN_BLUR,0.28553240740740743,0.9970933853226415,0.9951702369235661,0.005871016855068864,5.314545641787357
84,MEDIAN_FILTER,0.18215277777777777,0.9985310374593849,0.997541564636208,0.0029739253721231336,5.225950640994437
84,JPEG_40,0.6868595679012346,0.998512706724885,0.997588220157613,0.0029729860643295243,5.332019519218163
84,ROTATION,0.3074074074074074,0.9592479485533267,0.9316841584346575,0.08127463710391186,5.272950761047972
49,SALT_PEPPER,0.033942901234567904,0.9251993986727657,0.8787727976215238,0.17088135454784364,5.226356984889706
49,SPECKLE,0.29268518518518516,0.9888124993600736,0.981635552116377,0.02252173885227667,5.231034016317894
49,GAUSSIAN_BLUR,0.28813271604938273,0.9970225381380641,0.9950757808999573,0.006016861901786778,5.31010350938381
49,MEDIAN_FILTER,0.18763117283950617,0.9984691265002414,0.9974495728584304,0.003102336771641457,5.2187221962483505
49,JPEG_40,0.6875694444444445,0.9984363444417624,0.9974725294973353,0.0031255494653548194,5.328202191049676
49,ROTATION,0.3083796296296296,0.9568042203870708,0.9279121952528591,0.08613932310803342,5.267910230421943
41,SALT_PEPPER,0.03146604938271605,0.9291210637883739,0.8848691555006211,0.16121820323717928,5.223200329735898
41,SPECKLE,0.29397376543209874,0.988865040073269,0.9816816482234992,0.022416098506782316,5.232007079625544
41,GAUSSIAN_BLUR,0.28736882716049383,0.9970515016068452,0.995112008682776,0.005958613726256884,5.309958159307917
41,MEDIAN_FILTER,0.1854783950617284,0.998493356393354,0.9974836762699197,0.003052840503922793,5.218817366896492
41,JPEG_40,0.69,0.9984729850670806,0.9975300648988191,0.003052392888496392,5.332939021523055
41,ROTATION,0.30732253086419753,0.9568437406677199,0.9277998849310107,0.08606556263964961,5.267412142366522
27,SALT_PEPPER,0.033734567901234566,0.9260588794482985,0.88009389444562,0.16936723728816463,5.221659115999318
27,SPECKLE,0.2953317901234568,0.9888042353323059,0.9815890345745583,0.022522223077775346,5.229781340366588
27,GAUSSIAN_BLUR,0.277445987654321,0.9969484663316598,0.9949463508932699,0.006168579131851499,5.307602507532836
27,MEDIAN_FILTER,0.16534722222222223,0.9984684349965753,0.9974444126620795,0.0031107704530372463,5.215960021026326
27,JPEG_40,0.6878317901234567,0.9985022528003795,0.9975870379359774,0.0029935205584255406,5.332260630643284
27,ROTATION,0.30833333333333335,0.9562061665083127,0.9267903919031751,0.08732862233710245,5.267331227735964
18,SALT_PEPPER,0.03391203703703704,0.9249955423267034,0.8783806227061703,0.17212920334245518,5.234747662024608
18,SPECKLE,0.2943904320987654,0.9887752369616001,0.981563374740412,0.02261333385331536,5.242484738704864
18,GAUSSIAN_BLUR,0.2917592592592593,0.9968460126902859,0.9947793910031631,0.00637427082059285,5.325457457984425
18,MEDIAN_FILTER,0.19051697530864198,0.9983840785895838,0.997305290997202,0.0032794171233684936,5.221995848915025
18,JPEG_40,0.6886265432098766,0.9983783073854491,0.997369797780408,0.003240954920227327,5.333624841056332
18,ROTATION,0.3047916666666667,0.9557532541052521,0.9260776403842347,0.0882270916231128,5.2789688950631035
68,SALT_PEPPER,0.0333641975308642,0.9264190162040158,0.8798749611627864,0.16810545696305462,5.2429695843331565
68,SPECKLE,0.29429783950617283,0.9887970963979137,0.9814890978956948,0.022534278520112996,5.24930467366263
68,GAUSSIAN_BLUR,0.28837962962962965,0.997010831664257,0.9950241269948211,0.006040634039545762,5.326838141772353
68,MEDIAN_FILTER,0.19002314814814814,0.9984644568557123,0.9974246239456388,0.003112415444661606,5.23397026186901
68,JPEG_40,0.6876851851851852,0.9984943065960615,0.9975518051629078,0.003009179446761065,5.343521914139382
68,ROTATION,0.30614969135802467,0.9581924384041118,0.9297573004932256,0.08337407222363091,5.284202231352238
112,SALT_PEPPER,0.03474537037037037,0.9168522240209847,0.8681427998405672,0.19292476664999214,5.182630656801218
112,SPECKLE,0.2945216049382716,0.9888153748814308,0.9819832053486774,0.022494633699067193,5.185065720167827
112,GAUSSIAN_BLUR,0.2774074074074074,0.997182410738197,0.9954274813923988,0.005698890693288803,5.265027068256151
112,MEDIAN_FILTER,0.17084104938271605,0.9985242149885919,0.9975868890118254,0.00298728926285702,5.17953380876464
112,JPEG_40,0.6867283950617284,0.9985288146270416,0.9976843394727591,0.002940247444190739,5.267333089484038
112,ROTATION,0.3017283950617284,0.9578118895397203,0.9309059442254064,0.08414018781526604,5.224556677562171
94,SALT_PEPPER,0.0332716049382716,0.9170688988261878,0.8640246326056293,0.19408202007730394,5.179048805885969
94,SPECKLE,0.29376543209876543,0.9888374641257686,0.9813118655406725,0.022472036550296916,5.192854017049036
94,GAUSSIAN_BLUR,0.2761111111111111,0.9973540209552688,0.9955291852102359,0.005337958971923815,5.259793277170485
94,MEDIAN_FILTER,0.16046296296296297,0.9985959655822626,0.9976119475348837,0.002832779443769911,5.17282643788609
94,JPEG_40,0.6905015432098766,0.9986248200737934,0.9977576230307418,0.0027485052405086217,5.270046962682669
94,ROTATION,0.3077854938271605,0.9618957220391026,0.9351020967507652,0.07601676897514704,5.221189991885328
113,SALT_PEPPER,0.03420524691358025,0.9182490989863834,0.869172223044477,0.19079762547636767,5.200017041366326
113,SPECKLE,0.2942283950617284,0.988806275964994,0.9818013089231324,0.02255101734606044,5.203245826602723
113,GAUSSIAN_BLUR,0.27641975308641975,0.9974076024204515,0.9957504131531977,0.005239058706084731,5.279398669869502
113,MEDIAN_FILTER,0.1646064814814815,0.9986366857267011,0.9977490204385023,0.0027569146702452717,5.193004629340526
113,JPEG_40,0.6866820987654321,0.9986438647540321,0.9978452803256197,0.002710622749214934,5.282837631973903
113,ROTATION,0.30625771604938273,0.9602457831591158,0.9342653220733436,0.07930308640549613,5.2393244234616265
24,SALT_PEPPER,0.03314814814814815,0.9234065497276933,0.8758195403769772,0.175778761243456,5.232926833075001
24,SPECKLE,0.2939506172839506,0.9889353528163516,0.9818155850306685,0.022270309507540265,5.245920540220286
24,GAUSSIAN_BLUR,0.2914351851851852,0.9968237792141378,0.9947404299442429,0.006418837653413482,5.328229111708875
24,MEDIAN_FILTER,0.19381172839506172,0.9983674901823767,0.9972766812980232,0.00331375270951502,5.2253376276420935
24,JPEG_40,0.6900308641975309,0.9983673737531994,0.9973529484693476,0.0032626476778566523,5.330529927754251
24,ROTATION,0.3047145061728395,0.9556814616720629,0.9259304140756457,0.08836950094153677,5.2807788186578355
44,SALT_PEPPER,0.03189043209876543,0.9250815260658037,0.8784526568690816,0.1712431477927289,5.218748805438475
44,SPECKLE,0.2958719135802469,0.9889039094330364,0.9817436547583206,0.022350769925298716,5.229593663134209
44,GAUSSIAN_BLUR,0.2874382716049383,0.9970512821436971,0.995110405388848,0.005958173823672101,5.3073920496124884
44,MEDIAN_FILTER,0.1872608024691358,0.9984833338273216,0.997466565931718,0.0030730121515133635,5.215879254460063
44,JPEG_40,0.6891512345679013,0.9984525104264413,0.9974944997888645,0.003094196176066891,5.327655722348602
44,ROTATION,0.308287037037037,0.956929736996977,0.9279338228567966,0.08589433857606414,5.264696109317
37,SALT_PEPPER,0.03281635802469136,0.923100211719022,0.8750018437974059,0.1765529561650563,5.227165867381355
37,SPECKLE,0.2962191358024691,0.9888373055971792,0.9816023511161157,0.02247305121595196,5.232529369251443
37,GAUSSIAN_BLUR,0.2860416666666667,0.9970915682948628,0.9951713139685273,0.005877801103101975,5.309792722374808
37,MEDIAN_FILTER,0.17871913580246915,0.998519339730079,0.9975233589282402,0.0029999389786967757,5.2180769516774745
37,JPEG_40,0.6899228395061728,0.9984987069588095,0.9975674255363084,0.0030007258437742173,5.332494980198088
37,ROTATION,0.3074074074074074,0.9572328133628916,0.9283446604056533,0.08529026622405445,5.268690121839145
97,SALT_PEPPER,0.03314814814814815,0.9171985674339023,0.8650302065434686,0.19335171161747708,5.173707053796666
97,SPECKLE,0.29402006172839507,0.9887982497676229,0.9813747233669671,0.022576285921413756,5.184511724292877
97,GAUSSIAN_BLUR,0.28035493827160496,0.9973225369974318,0.9955081749301422,0.005405703200056288,5.253763831875342
97,MEDIAN_FILTER,0.16991512345679013,0.9985764511250435,0.9975951040848459,0.0028712748718217433,5.167114080998572
97,JPEG_40,0.6880246913580247,0.998558776073332,0.9976684545006851,0.002880379036044708,5.270607742136967
97,ROTATION,0.30537808641975306,0.9606439047124762,0.9334210633201613,0.07850583048086705,5.214635372125897
1,SALT_PEPPER,0.033317901234567904,0.9273977102488656,0.8821360758526001,0.1656774895783786,5.252263418496173
1,SPECKLE,0.2938503086419753,0.9887943498659958,0.9815832037349614,0.02256068967425212,5.268064170196487
1,GAUSSIAN_BLUR,0.27666666666666667,0.9970780731448654,0.9951604770753832,0.005905598765735422,5.358702157011116
1,MEDIAN_FILTER,0.15221450617283952,0.9985106649840029,0.997514475795087,0.003016540338818772,5.246213464178868
1,JPEG_40,0.6930015432098765,0.9988127442067072,0.9980927200198648,0.00237380375977332,5.328669527266094
1,ROTATION,0.30016203703703703,0.9573197260622576,0.9286520400605166,0.08511607611810257,5.305867814915152
138,SALT_PEPPER,0.033464506172839505,0.9314242465888671,0.8837213525651408,0.1556206020480524,5.258246573866165
138,SPECKLE,0.2947222222222222,0.9887805151975723,0.9807084053263913,0.022599076320799945,5.268185136928399
138,GAUSSIAN_BLUR,0.28953703703703704,0.997428467385885,0.9955423124076392,0.005194533248375687,5.336093836730588
138,MEDIAN_FILTER,0.18161265432098767,0.9986633611251632,0.9976648032012491,0.0027042393539037516,5.2486951995972255
138,JPEG_40,0.6881867283950617,0.9987113173129015,0.9978239723051002,0.0025759587042791833,5.351287255979369
138,ROTATION,0.30842592592592594,0.9644792451693392,0.9378348558648963,0.07086217001364971,5.298011706121348
28,SALT_PEPPER,0.03482253086419753,0.9213835808099817,0.8725398119709538,0.18152081264691533,5.2279833420682165
28,SPECKLE,0.2939351851851852,0.9889472463379492,0.9818179591124542,0.022233584492669798,5.231242733429479
28,GAUSSIAN_BLUR,0.27887345679012343,0.9969637766363548,0.9949706545270904,0.006136191282025009,5.309152600220193
28,MEDIAN_FILTER,0.1672608024691358,0.9984656791660199,0.9974395760093262,0.003115523491971511,5.218081311012291
28,JPEG_40,0.6870601851851852,0.9984827734284678,0.9975547971822412,0.0030322740582378604,5.330112611199815
28,ROTATION,0.3079243827160494,0.9563966947427539,0.9271053065753805,0.0869511499717032,5.267139906066079
59,SALT_PEPPER,0.03328703703703704,0.9250388542185689,0.8781779468762386,0.17128868765155014,5.240639095964525
59,SPECKLE,0.2922993827160494,0.9888094969026926,0.9815835626812288,0.022491907273386166,5.244391524932766
59,GAUSSIAN_BLUR,0.28728395061728396,0.9970380554104058,0.9950912364737151,0.005985812835795653,5.324359083511121
59,MEDIAN_FILTER,0.18015432098765433,0.9984908578439762,0.9974801252779824,0.0030600127864025255,5.2326965372076035
59,JPEG_40,0.6875694444444445,0.9985237772173774,0.9976152039180607,0.002950270094319195,5.340028279622631
59,ROTATION,0.3073148148148148,0.9579943023491447,0.9297403084698966,0.0837698926247296,5.2821497337039585
96,SALT_PEPPER,0.03335648148148148,0.9171184035738517,0.8648597465135764,0.19308235558685544,5.171299173482645
96,SPECKLE,0.29476080246913583,0.9888364050358679,0.9814370752561186,0.02248282257426372,5.184192884646519
96,GAUSSIAN_BLUR,0.2797222222222222,0.9973249344535667,0.9955118971694853,0.005400913259042123,5.2536338998662515
96,MEDIAN_FILTER,0.16888117283950618,0.9985731551292101,0.9975893537335355,0.0028781933923109947,5.166485003273718
96,JPEG_40,0.6883333333333334,0.9985637273531204,0.9976759180602095,0.0028705243692450657,5.269779165752919
96,ROTATION,0.30671296296296297,0.9606429051738896,0.9334140649356497,0.07850857598198867,5.214985648232006
78,SALT_PEPPER,0.03287808641975309,0.9296630025834588,0.8853550194635662,0.15981068522344577,5.239308111541811
78,SPECKLE,0.29335648148148147,0.9888291266604415,0.9815723408174913,0.02246758265129959,5.248919932356228
78,GAUSSIAN_BLUR,0.2802469135802469,0.997002536033378,0.9950200453229804,0.006058480075109108,5.323838037861323
78,MEDIAN_FILTER,0.17324845679012346,0.9985022590015211,0.9974928612015427,0.0030373535339463915,5.235442042472945
78,JPEG_40,0.6911033950617284,0.9985369143726258,0.9976250632400482,0.00292486041663004,5.345303087617071
78,ROTATION,0.30645833333333333,0.9581037514235798,0.9297419221907822,0.08354989442086865,5.282998207711675
90,SALT_PEPPER,0.03307098765432099,0.9202930747703556,0.8691484165729868,0.18498927612369617,5.204441276883099
90,SPECKLE,0.2955632716049383,0.9888027846203519,0.9812747665259038,0.022513453024628094,5.216001206260652
90,GAUSSIAN_BLUR,0.28056327160493827,0.9973698323265924,0.995565279252166,0.005306734536147278,5.286835534070534
90,MEDIAN_FILTER,0.1677854938271605,0.9986440726704838,0.9976985298856094,0.0027376700714473036,5.198340494633409
90,JPEG_40,0.6866666666666666,0.9986461313559937,0.9977912549407463,0.002706623315761684,5.302553360046155
90,ROTATION,0.31035493827160493,0.9614054580362981,0.9344014810632356,0.07699305505192373,5.2464249916204775
150,SALT_PEPPER,0.034243827160493824,0.9370961276903919,0.8905123546271535,0.14033762987034118,5.309716307570355
150,SPECKLE,0.2983873456790124,0.9887771128554492,0.9802497813696276,0.02262105229994263,5.3288622050737535
150,GAUSSIAN_BLUR,0.2846296296296296,0.9979424485097748,0.9963437743163899,0.00414956317511858,5.3898367682289985
150,MEDIAN_FILTER,0.15060956790123456,0.9989641741420786,0.9981462825669752,0.0020889728351401633,5.307593373383343
150,JPEG_40,0.6880864197530864,0.9990015652518334,0.9982782589355831,0.0019960320663547897,5.398484801813716
150,ROTATION,0.31015432098765433,0.9707043219485204,0.9475058283993888,0.05847241152151545,5.35291331880692
141,SALT_PEPPER,0.03378858024691358,0.9312959932119954,0.8834469414279472,0.1554981696181553,5.265450046851284
141,SPECKLE,0.295462962962963,0.9888305408716853,0.9807983527685198,0.022514375127732692,5.275546735514218
141,GAUSSIAN_BLUR,0.29017746913580245,0.9974153572256983,0.9955202755669724,0.005221331801103928,5.343410713570432
141,MEDIAN_FILTER,0.18719135802469136,0.9986781478228015,0.9976908785513583,0.0026726564873607063,5.256977652494085
141,JPEG_40,0.6859876543209876,0.9987068207724694,0.997809242675855,0.0025849363660881354,5.357925039421506
141,ROTATION,0.3093595679012346,0.9642079955837998,0.9373676125507282,0.0714044742519039,5.3058123222217874
43,SALT_PEPPER,0.032260802469135805,0.923946679664156,0.8764718197296133,0.1744272974969025,5.225481590963966
43,SPECKLE,0.2958256172839506,0.9888534101546126,0.9816423368192089,0.022447758202612522,5.230545137518895
43,GAUSSIAN_BLUR,0.28868827160493826,0.9970587281631226,0.9951209013228625,0.005943463358976193,5.308542466799119
43,MEDIAN_FILTER,0.18664351851851851,0.9984945585434324,0.9974841613212143,0.0030497846031863293,5.217024395772679
43,JPEG_40,0.6902083333333333,0.9984596141621348,0.9975066079922101,0.0030796123134243093,5.331345077107782
43,ROTATION,0.3078317901234568,0.9569883439426821,0.9279994813208269,0.08577669760735003,5.265911808228069
109,SALT_PEPPER,0.032700617283950614,0.9166126552128164,0.8686471703139471,0.19468768819483026,5.1863941100570905
109,SPECKLE,0.2944675925925926,0.9887686391348336,0.9820146444241059,0.022576073333874697,5.18709731238682
109,GAUSSIAN_BLUR,0.27675154320987655,0.9971621887944597,0.9954253221482421,0.0057408219332460595,5.26610510573733
109,MEDIAN_FILTER,0.1656327160493827,0.9985273278678362,0.9976082128619556,0.0029843706485267753,5.181456178963946
109,JPEG_40,0.6867901234567901,0.9985418539195265,0.9977203946722638,0.0029142298021681136,5.263927744748968
109,ROTATION,0.3018287037037037,0.957568545328534,0.9309719604647343,0.08462359375254358,5.226784882794762
130,SALT_PEPPER,0.033541666666666664,0.9289631676736847,0.8803083712290779,0.16170539035277529,5.241955722127046
130,SPECKLE,0.294945987654321,0.988803079681568,0.9808407421694068,0.022537507244774827,5.249974258260735
130,GAUSSIAN_BLUR,0.27965277777777775,0.9976653637392388,0.9959734782202716,0.004715672030368353,5.320849034215405
130,MEDIAN_FILTER,0.16135802469135802,0.9987886581258135,0.9978947906133666,0.002447500273749716,5.235486544104585
130,JPEG_40,0.6874228395061729,0.9987716434231468,0.9979376267902038,0.0024558263298357723,5.334746908859161
130,ROTATION,0.3078472222222222,0.9661462449176087,0.9410753303242015,0.06755024796001532,5.281959700613875
72,SALT_PEPPER,0.03207561728395062,0.9296370638381769,0.8850121790000623,0.15957424712096643,5.241031120951187
72,SPECKLE,0.2939429012345679,0.9887872962871297,0.9814698401581914,0.022568654250861492,5.250163504077496
72,GAUSSIAN_BLUR,0.2893287037037037,0.9969830327189986,0.9949765904947487,0.00609654473815275,5.3277902733265625
72,MEDIAN_FILTER,0.193125,0.9984474745467238,0.9973955629909989,0.003145858692957296,5.235073785157723
72,JPEG_40,0.6896064814814815,0.9984660149697193,0.9975039189047292,0.0030660308831751215,5.346712207342723
72,ROTATION,0.3085956790123457,0.9581449744950638,0.9296612238307491,0.08346568756727994,5.284772100251699
22,SALT_PEPPER,0.03194444444444444,0.9272904092166832,0.881987639354518,0.16588804987111708,5.234156696065645
22,SPECKLE,0.29517746913580245,0.9887522208383009,0.9815119203544314,0.0226480838040297,5.244063803838111
22,GAUSSIAN_BLUR,0.29118055555555555,0.9968255488748529,0.9947426464860963,0.006415457362967382,5.327153795217477
22,MEDIAN_FILTER,0.1907638888888889,0.9983694917057301,0.9972796163394059,0.003309737033283669,5.224959582354782
22,JPEG_40,0.6915740740740741,0.9983630410174689,0.9973465265086965,0.0032712568926541816,5.330607617717117
22,ROTATION,0.30396604938271604,0.9556590979776495,0.9258817673916233,0.08841388393125392,5.27990679454806
4,SALT_PEPPER,0.03403549382716049,0.9231991818002115,0.8755975768059777,0.17642561498299755,5.240591886409458
4,SPECKLE,0.2925,0.9888430027835867,0.9816679178411929,0.0224808904753968,5.259549742106216
4,GAUSSIAN_BLUR,0.2819675925925926,0.9969749195082536,0.9949935600783929,0.006114573676563331,5.348919636949164
4,MEDIAN_FILTER,0.16892746913580248,0.9984684669075937,0.9974458457083514,0.003104433613362843,5.238703376375995
4,JPEG_40,0.6920524691358024,0.9985842221514647,0.9977094132426044,0.0028296949992909306,5.321628846283951
4,ROTATION,0.29848765432098767,0.9562945546585002,0.9269843384354294,0.08715410649122252,5.297490894887192
57,SALT_PEPPER,0.03376543209876543,0.9249978673554046,0.8783021183491703,0.17177675930780814,5.236308693217083
57,SPECKLE,0.2949382716049383,0.9887869307873479,0.9815755900907404,0.022574053875281216,5.2427459823121225
57,GAUSSIAN_BLUR,0.28304783950617285,0.99703602431968,0.9950927743386703,0.005990735780400321,5.322306852869454
57,MEDIAN_FILTER,0.17723765432098765,0.9984930333004708,0.9974861822757184,0.003055739109900483,5.231131237632519
57,JPEG_40,0.6872453703703704,0.9985293088132562,0.9976282106754617,0.002940091225948922,5.3390281013521
57,ROTATION,0.3061111111111111,0.957663278068553,0.9292553591311055,0.08443067989614313,5.279382970827997
15,SALT_PEPPER,0.0327391975308642,0.9270660708367232,0.881825038869159,0.16572174300154993,5.226656194030168
15,SPECKLE,0.29257716049382715,0.988867465897265,0.9817449037724523,0.022396024259511604,5.23816152369589
15,GAUSSIAN_BLUR,0.28915895061728397,0.9968306695389221,0.9947633505633068,0.006406188672047366,5.322693407831876
15,MEDIAN_FILTER,0.187554012345679,0.998391361959895,0.9973220958600005,0.0032661479019892928,5.21961168727568
15,JPEG_40,0.6931404320987654,0.9983792689544609,0.9973802513009886,0.003238976459774238,5.329368685452679
15,ROTATION,0.30319444444444443,0.9553964111522099,0.9256083963706394,0.08893376869250999,5.275561131475707
151,SALT_PEPPER,0.03406635802469136,0.9381676226110948,0.8920643990542579,0.1383673101595775,5.308451919106249
151,SPECKLE,0.2979706790123457,0.9889013678721857,0.9804132656476953,0.022343067768389804,5.324157499548973
151,GAUSSIAN_BLUR,0.287554012345679,0.9979823261511386,0.9964036072154806,0.004066717972357329,5.387969775046829
151,MEDIAN_FILTER,0.15722222222222224,0.9989646599549169,0.9981422246358364,0.002086857933387314,5.304385659269796
151,JPEG_40,0.6869984567901235,0.9989935769148032,0.9982584521942092,0.002011906525528512,5.403181800326226
151,ROTATION,0.3117515432098765,0.9720003939210904,0.9496981556549868,0.055889423970273445,5.348990677647852
114,SALT_PEPPER,0.03375771604938271,0.9219376896669987,0.8740281361169765,0.18023576778425826,5.204934673408024
114,SPECKLE,0.29375,0.9888951668998041,0.9817986727190742,0.02231410869467406,5.205794357682243
114,GAUSSIAN_BLUR,0.2788348765432099,0.9974735197196888,0.9958281539368449,0.005105607691904745,5.282933832456116
114,MEDIAN_FILTER,0.16321759259259258,0.9986760141105314,0.9977977705820632,0.0026760280733911005,5.197819982286556
114,JPEG_40,0.689429012345679,0.9986779592719459,0.9978890871009944,0.0026423959500176605,5.281663949035318
114,ROTATION,0.3077006172839506,0.9610687731495167,0.9351505872813404,0.07766383310897824,5.2436313954135585
133,SALT_PEPPER,0.034151234567901236,0.9316047216171435,0.884153977241993,0.1550649284156488,5.245114534820463
133,SPECKLE,0.29649691358024693,0.9887945996046305,0.9807314962607974,0.0225490075584519,5.253970824876193
133,GAUSSIAN_BLUR,0.28800154320987653,0.9975420631034457,0.9957397056074059,0.004963485435579457,5.323958373606352
133,MEDIAN_FILTER,0.17549382716049383,0.9987204855428972,0.9977655152920766,0.0025866983019511252,5.238943111649986
133,JPEG_40,0.6865046296296297,0.9987160575425709,0.9978309720445108,0.002566967448983616,5.3418578693757
133,ROTATION,0.30823302469135805,0.9655384245856036,0.9397186791584989,0.06875837903628486,5.286006353339933
75,SALT_PEPPER,0.03197530864197531,0.9292090375332002,0.8843175820263293,0.1612609916715741,5.250298051053336
75,SPECKLE,0.2940277777777778,0.9888341118100005,0.9815341178650875,0.022497748257572763,5.261386518707646
75,GAUSSIAN_BLUR,0.27727623456790124,0.9970753588878658,0.9951272213098741,0.005911463312199301,5.33307336700259
75,MEDIAN_FILTER,0.16467592592592592,0.9985366099414026,0.9975431921457418,0.00296755751268751,5.246693613767345
75,JPEG_40,0.6896296296296296,0.9986093977338265,0.9977423343239491,0.002779723033984215,5.352150695714999
75,ROTATION,0.30625,0.9586088522619423,0.9303885825839079,0.08254753757926471,5.292346240261124
99,SALT_PEPPER,0.033726851851851855,0.9153999897112837,0.8648995161285694,0.19795203192249128,5.1616295217931505
99,SPECKLE,0.2935030864197531,0.988839264332275,0.9818333276042518,0.022440580594728077,5.170287042277843
99,GAUSSIAN_BLUR,0.2699537037037037,0.9971770810077086,0.9953707319811617,0.005705840144291993,5.241527388185605
99,MEDIAN_FILTER,0.15652777777777777,0.9985016344789375,0.9975246940001995,0.0030300489419208846,5.153401641362556
99,JPEG_40,0.6884182098765432,0.9985703339289655,0.9977353373855191,0.002857398385410422,5.255109439205134
99,ROTATION,0.3046836419753086,0.9592276387571407,0.9325406919410432,0.08132075928974243,5.2039162465295385
50,SALT_PEPPER,0.03375,0.9235162500415013,0.8761489324158662,0.1758512465145161,5.229412547705701
50,SPECKLE,0.29454475308641975,0.9888103398189851,0.9816224785258449,0.022542252432387923,5.240029105304835
50,GAUSSIAN_BLUR,0.2753935185185185,0.9971337238505145,0.9952562298881348,0.00579401763954051,5.319073845256576
50,MEDIAN_FILTER,0.15921296296296297,0.9985658707938497,0.997608530056483,0.002908204625280214,5.22854239249443
50,JPEG_40,0.6873148148148148,0.9986033530990464,0.9977441333124912,0.002791533076513235,5.332532013986959
50,ROTATION,0.3071759259259259,0.9573302000543847,0.9287281376245545,0.08509817537187918,5.275133981117563
83,SALT_PEPPER,0.03229166666666667,0.9274434649959051,0.88221867599119,0.16548682619763833,5.2375848617890295
83,SPECKLE,0.2945987654320988,0.9887243116503388,0.9814608229223997,0.022666503276777304,5.243838933144335
83,GAUSSIAN_BLUR,0.2843827160493827,0.9969849276588043,0.99500739339329,0.006093064274073982,5.321076739264744
83,MEDIAN_FILTER,0.179429012345679,0.9984932185303914,0.9974865475677037,0.0030554128213742516,5.232257244992585
83,JPEG_40,0.6878549382716049,0.9984984217432007,0.9975722936103479,0.003001213896637628,5.337787734600793
83,ROTATION,0.3063503086419753,0.9578548427643342,0.9295702314511912,0.08404648454931106,5.279905372616468
56,SALT_PEPPER,0.03459104938271605,0.9212313886956677,0.8724045563782757,0.1822006643473277,5.235004791968196
56,SPECKLE,0.29597222222222225,0.9889122665831542,0.9817983951279803,0.022358224941653796,5.241973165842613
56,GAUSSIAN_BLUR,0.2823302469135803,0.9970409431637244,0.995103289034789,0.005980993958905577,5.320386655135402
56,MEDIAN_FILTER,0.17344907407407406,0.9984990116438568,0.9974973608616501,0.003044242528744006,5.227731836135923
56,JPEG_40,0.6869444444444445,0.998527796616064,0.9976248183005367,0.0029430315522274843,5.332535205871153
56,ROTATION,0.3065200617283951,0.9575996913211304,0.929181944550179,0.08455745468258657,5.27710676863139
140,SALT_PEPPER,0.017199074074074075,0.9312840677233215,0.8834299589015875,0.156354998058617,5.264626953000938
140,SPECKLE,0.2962037037037037,0.9889048249480686,0.9809094111806901,0.02234581461013625,5.273651446513872
140,GAUSSIAN_BLUR,0.28959104938271607,0.9974392808884055,0.9955589294120364,0.005172400355856861,5.342511935869961
140,MEDIAN_FILTER,0.1778395061728395,0.9986801828200109,0.9976931655604738,0.002670474333265165,5.255673591156094
140,JPEG_40,0.6875231481481482,0.9987122042023372,0.9978212870748048,0.0025745502457626347,5.357708361411514
140,ROTATION,0.30691358024691356,0.9646748098574897,0.9381513944786618,0.07047507108402058,5.303564377910155
